-- phpMyAdmin SQL Dump
-- version 5.1.3
-- https://www.phpmyadmin.net/
--
-- Host: 127.0.0.1
-- Waktu pembuatan: 12 Jun 2022 pada 14.58
-- Versi server: 10.4.24-MariaDB
-- Versi PHP: 7.4.28

SET SQL_MODE = "NO_AUTO_VALUE_ON_ZERO";
START TRANSACTION;
SET time_zone = "+00:00";


/*!40101 SET @OLD_CHARACTER_SET_CLIENT=@@CHARACTER_SET_CLIENT */;
/*!40101 SET @OLD_CHARACTER_SET_RESULTS=@@CHARACTER_SET_RESULTS */;
/*!40101 SET @OLD_COLLATION_CONNECTION=@@COLLATION_CONNECTION */;
/*!40101 SET NAMES utf8mb4 */;

--
-- Database: `db_kpu`
--

-- --------------------------------------------------------

--
-- Struktur dari tabel `tbl_clustering`
--

CREATE TABLE `tbl_clustering` (
  `id_clustering` varchar(50) NOT NULL,
  `ndata_clustering` varchar(50) NOT NULL,
  `nkec_clustering` varchar(50) NOT NULL,
  `nkel_clustering` varchar(50) NOT NULL,
  `status_clustering` int(1) NOT NULL,
  `akurasi_clustering` varchar(50) NOT NULL,
  `id_user` varchar(50) NOT NULL,
  `created_clustering` timestamp NOT NULL DEFAULT current_timestamp()
) ENGINE=InnoDB DEFAULT CHARSET=utf8mb4;

--
-- Dumping data untuk tabel `tbl_clustering`
--

INSERT INTO `tbl_clustering` (`id_clustering`, `ndata_clustering`, `nkec_clustering`, `nkel_clustering`, `status_clustering`, `akurasi_clustering`, `id_user`, `created_clustering`) VALUES
('6eAXJuj80IcznD23LTgaVd9PEFUx5Y', '449', '14', '45', 1, '85.727907853367', 'HA2W1PoOa0nu4REQZexL3z6JV', '2022-05-13 04:31:32'),
('gxDQLYJz5UnMh2i4jcC7TfmsdkKuA0', '449', '14', '45', 1, '85.740727425809', 'HA2W1PoOa0nu4REQZexL3z6JV', '2022-05-13 04:44:27');

-- --------------------------------------------------------

--
-- Struktur dari tabel `tbl_clustering_detail`
--

CREATE TABLE `tbl_clustering_detail` (
  `id_clustering_detail` int(11) NOT NULL,
  `id_clustering` varchar(50) NOT NULL,
  `id_pemilih` varchar(50) NOT NULL,
  `kelurahan_pemilih` varchar(256) NOT NULL,
  `umur_pemilih` varchar(10) NOT NULL,
  `jenis_cluster` int(1) NOT NULL
) ENGINE=InnoDB DEFAULT CHARSET=utf8mb4;

--
-- Dumping data untuk tabel `tbl_clustering_detail`
--

INSERT INTO `tbl_clustering_detail` (`id_clustering_detail`, `id_clustering`, `id_pemilih`, `kelurahan_pemilih`, `umur_pemilih`, `jenis_cluster`) VALUES
(3433, '6eAXJuj80IcznD23LTgaVd9PEFUx5Y', '8s2pFDKQ9hPb3OxXmB0gT4qHYZ5LMi', 'GEDONGKIWO', '43', 3),
(3434, '6eAXJuj80IcznD23LTgaVd9PEFUx5Y', 'OSbtcgI5heErsoYuDd9CwTU0GmHf8F', 'GEDONGKIWO', '54', 3),
(3435, '6eAXJuj80IcznD23LTgaVd9PEFUx5Y', 'S4KBDjlX2wTIcLamP8NAFgbv6tkJ0d', 'GEDONGKIWO', '40', 3),
(3436, '6eAXJuj80IcznD23LTgaVd9PEFUx5Y', 'sucFiAWHJTB38L7G5dj0Z6IEtKeSRN', 'GEDONGKIWO', '30', 2),
(3437, '6eAXJuj80IcznD23LTgaVd9PEFUx5Y', 'thdyikA4DJpaTFm7j35zNu2gMOLSRH', 'GEDONGKIWO', '30', 2),
(3438, '6eAXJuj80IcznD23LTgaVd9PEFUx5Y', 'vLPySKiCqIYxf1dnQTXpmJ73eWRBal', 'GEDONGKIWO', '45', 3),
(3439, '6eAXJuj80IcznD23LTgaVd9PEFUx5Y', 'WaIxPUKOrine1FvTsYCZhJEMAV08g5', 'GEDONGKIWO', '29', 2),
(3440, '6eAXJuj80IcznD23LTgaVd9PEFUx5Y', 'Xp4ZyqAxHRU8DJFin0WE91bgrBhIjL', 'GEDONGKIWO', '49', 3),
(3441, '6eAXJuj80IcznD23LTgaVd9PEFUx5Y', 'yDaN5itMToWrsGOIYuZFdxKEpjVC9H', 'GEDONGKIWO', '26', 1),
(3442, '6eAXJuj80IcznD23LTgaVd9PEFUx5Y', 'z7mxnuKY6wCqtWLBjid2bvGghM5DSP', 'GEDONGKIWO', '31', 2),
(3443, '6eAXJuj80IcznD23LTgaVd9PEFUx5Y', '8qTP6E0igOLyCm3Xnk5dZD7Fw9uQbs', 'SURYODININGRATAN', '20', 1),
(3444, '6eAXJuj80IcznD23LTgaVd9PEFUx5Y', 'A3tKkjah1yD6s7JwZo2NWmxYFrPUI9', 'SURYODININGRATAN', '31', 2),
(3445, '6eAXJuj80IcznD23LTgaVd9PEFUx5Y', 'A8D2tP9F4IKrBEb3OxfJ6iNLqM0loc', 'SURYODININGRATAN', '34', 2),
(3446, '6eAXJuj80IcznD23LTgaVd9PEFUx5Y', 'aq58gFCAJVPUIMv3YuodHr1xhBK4j7', 'SURYODININGRATAN', '35', 2),
(3447, '6eAXJuj80IcznD23LTgaVd9PEFUx5Y', 'aX1E0h4qerA6VjI3oHPxy2QY5sWvpR', 'SURYODININGRATAN', '21', 1),
(3448, '6eAXJuj80IcznD23LTgaVd9PEFUx5Y', 'G8naxvqYB2uoCXP3UFJE7Oc5rKztAZ', 'SURYODININGRATAN', '21', 1),
(3449, '6eAXJuj80IcznD23LTgaVd9PEFUx5Y', 'GCfbrX6PEqSl0FI5g9ap3dOv1hM2JU', 'SURYODININGRATAN', '55', 3),
(3450, '6eAXJuj80IcznD23LTgaVd9PEFUx5Y', 'nv5VGhHwLocxIdaSClsJzrQpgt3WE8', 'SURYODININGRATAN', '49', 3),
(3451, '6eAXJuj80IcznD23LTgaVd9PEFUx5Y', 'qSNcatbnRpovfPksOd6V9Fel1Q5JYE', 'SURYODININGRATAN', '42', 3),
(3452, '6eAXJuj80IcznD23LTgaVd9PEFUx5Y', 'zRc6UkyfuAds70TSoemXnPabKhwW4V', 'SURYODININGRATAN', '38', 2),
(3453, '6eAXJuj80IcznD23LTgaVd9PEFUx5Y', '3LcCS5ub7p1N8AZXWRJMrHQqs60Ywe', 'MANTRIJERON', '35', 2),
(3454, '6eAXJuj80IcznD23LTgaVd9PEFUx5Y', 'fnwoX5EIbtlmksK1VyeDdxi7JUBp4v', 'MANTRIJERON', '72', 3),
(3455, '6eAXJuj80IcznD23LTgaVd9PEFUx5Y', 'HCeWNkrwv4sSJXt0L13IpK9cA7nuMB', 'MANTRIJERON', '41', 2),
(3456, '6eAXJuj80IcznD23LTgaVd9PEFUx5Y', 'OaVuCPpArTc4tN9gLHSY1x52vDqyRM', 'MANTRIJERON', '39', 2),
(3457, '6eAXJuj80IcznD23LTgaVd9PEFUx5Y', 'RcsqxGEa17IOynzH3ZK5fwY6pkBhj0', 'MANTRIJERON', '60', 3),
(3458, '6eAXJuj80IcznD23LTgaVd9PEFUx5Y', 'ROCUuJgESi8FpIX7dDYmGx5qH36yrL', 'MANTRIJERON', '34', 2),
(3459, '6eAXJuj80IcznD23LTgaVd9PEFUx5Y', 'sglzwu9jMFCKUxic2dL8Bv3Pmo6VDE', 'MANTRIJERON', '59', 3),
(3460, '6eAXJuj80IcznD23LTgaVd9PEFUx5Y', 'TpIQwX9knYKA5mGdZJfFos4y6zSal2', 'MANTRIJERON', '46', 2),
(3461, '6eAXJuj80IcznD23LTgaVd9PEFUx5Y', 'VlJxdTph7iyF2AB53o8kjzLaGIYtON', 'MANTRIJERON', '48', 3),
(3462, '6eAXJuj80IcznD23LTgaVd9PEFUx5Y', 'Y6PjDMLXgIzUmBy5p7KsaeZvotQk0u', 'MANTRIJERON', '48', 3),
(3463, '6eAXJuj80IcznD23LTgaVd9PEFUx5Y', 'CviUPp8RNOHwaAlmF13tgjfWT96zhJ', 'PATEHAN', '61', 3),
(3464, '6eAXJuj80IcznD23LTgaVd9PEFUx5Y', 'fGaHKl5ANLORQTmrwn2UMz9pVc1EhD', 'PATEHAN', '35', 2),
(3465, '6eAXJuj80IcznD23LTgaVd9PEFUx5Y', 'FN1s3UIjmzYgHxaDkiBdECq9K0Wbw7', 'PATEHAN', '48', 2),
(3466, '6eAXJuj80IcznD23LTgaVd9PEFUx5Y', 'gf1HWmwQCUvIDJPxbrR4K8AcpGyMki', 'PATEHAN', '34', 2),
(3467, '6eAXJuj80IcznD23LTgaVd9PEFUx5Y', 'HvC30Sb4Zhxsty5wojXYiWrnPLfIKQ', 'PATEHAN', '34', 2),
(3468, '6eAXJuj80IcznD23LTgaVd9PEFUx5Y', 'MsBZJVxpPtv4ARYWH2GQNDmXzlgO8e', 'PATEHAN', '32', 1),
(3469, '6eAXJuj80IcznD23LTgaVd9PEFUx5Y', 'QU8SwvaWAD1VrnjHlTb2iERK0XsJhO', 'PATEHAN', '26', 1),
(3470, '6eAXJuj80IcznD23LTgaVd9PEFUx5Y', 'STEQbedXcMs4HNz8CZliKfBAU6IF2o', 'PATEHAN', '63', 3),
(3471, '6eAXJuj80IcznD23LTgaVd9PEFUx5Y', 'TlsNfO6Fz05eBCUp8wI9EGZrMKJ2QX', 'PATEHAN', '37', 2),
(3472, '6eAXJuj80IcznD23LTgaVd9PEFUx5Y', 'y8jUIDhtSu3z4HaOv9nfi21gq5XxZl', 'PATEHAN', '30', 1),
(3473, '6eAXJuj80IcznD23LTgaVd9PEFUx5Y', '1qzmiToKpauyg3x70NI9vO4FelAUPE', 'PANEMBAHAN', '47', 3),
(3474, '6eAXJuj80IcznD23LTgaVd9PEFUx5Y', '4jGwXuzkENCJyY0B6WQxb8Ipo7HSFh', 'PANEMBAHAN', '31', 2),
(3475, '6eAXJuj80IcznD23LTgaVd9PEFUx5Y', 'bLfisPUHGgEuCmce6kZj91zSnO84lw', 'PANEMBAHAN', '44', 3),
(3476, '6eAXJuj80IcznD23LTgaVd9PEFUx5Y', 'EDL8PuqJKfgCMF1R0Nr7IzcWxZ2wsO', 'PANEMBAHAN', '20', 1),
(3477, '6eAXJuj80IcznD23LTgaVd9PEFUx5Y', 'JeAiq04yufpgn2vjOI9LPl7SQRTd68', 'PANEMBAHAN', '51', 3),
(3478, '6eAXJuj80IcznD23LTgaVd9PEFUx5Y', 'lzVM1b6Jf2pCQ87DO9KwjFYPhmGxyk', 'PANEMBAHAN', '26', 1),
(3479, '6eAXJuj80IcznD23LTgaVd9PEFUx5Y', 'MFd4xlsa90Nuc5v2rXi3YzITHfm6hR', 'PANEMBAHAN', '46', 3),
(3480, '6eAXJuj80IcznD23LTgaVd9PEFUx5Y', 'my1fxnBMOXesDJ2rpo6TYbdiCNuRQ5', 'PANEMBAHAN', '20', 1),
(3481, '6eAXJuj80IcznD23LTgaVd9PEFUx5Y', 'T185aC3PsqfiHb2DMrXxSEkZv4ldLN', 'PANEMBAHAN', '59', 3),
(3482, '6eAXJuj80IcznD23LTgaVd9PEFUx5Y', 'ZAO9S6vsQ4KJcdPlBHNziufhrYCEjI', 'PANEMBAHAN', '28', 1),
(3483, '6eAXJuj80IcznD23LTgaVd9PEFUx5Y', '2wKXtruzpxqWoCsf5MJaLTceiBENgb', 'KADIPATEN', '41', 2),
(3484, '6eAXJuj80IcznD23LTgaVd9PEFUx5Y', '7neSTJdqLrYxRumf53t8UAXbcGKNO2', 'KADIPATEN', '25', 1),
(3485, '6eAXJuj80IcznD23LTgaVd9PEFUx5Y', 'DX5L1Ez0mI27pnUkQOiyhBZGa94SYr', 'KADIPATEN', '34', 2),
(3486, '6eAXJuj80IcznD23LTgaVd9PEFUx5Y', 'JdUmpW0RaIzAKXi7yl3ZrNOMYV2Twn', 'KADIPATEN', '26', 1),
(3487, '6eAXJuj80IcznD23LTgaVd9PEFUx5Y', 'k8UHm4rDwhcG10ogejXPSYsBM9tF3y', 'KADIPATEN', '62', 3),
(3488, '6eAXJuj80IcznD23LTgaVd9PEFUx5Y', 'KOuoNgXeGFpwmv9xV4iraYzCIsbDUn', 'KADIPATEN', '42', 2),
(3489, '6eAXJuj80IcznD23LTgaVd9PEFUx5Y', 'PD7bAJvMcQW0kZs86El4uYSNiKH1Ct', 'KADIPATEN', '34', 2),
(3490, '6eAXJuj80IcznD23LTgaVd9PEFUx5Y', 'UgXy0kNmRWulPS43GEJwOYfaDcnhKo', 'KADIPATEN', '26', 1),
(3491, '6eAXJuj80IcznD23LTgaVd9PEFUx5Y', 'XHsQlWqd5a3zr4wjtpUbLB098gAfoN', 'KADIPATEN', '30', 1),
(3492, '6eAXJuj80IcznD23LTgaVd9PEFUx5Y', 'yp0Cd4LWEzab8lITuG5g3XAiPvQ6N7', 'KADIPATEN', '30', 1),
(3493, '6eAXJuj80IcznD23LTgaVd9PEFUx5Y', '5ngFOTo2zYJmrcSMDtL7ibGu8jfXKZ', 'BRONTOKUSUMAN', '58', 3),
(3494, '6eAXJuj80IcznD23LTgaVd9PEFUx5Y', '869GYn3gcJRaNIHTjiD7OqdforkMp5', 'BRONTOKUSUMAN', '78', 3),
(3495, '6eAXJuj80IcznD23LTgaVd9PEFUx5Y', '8gXcTWf0m12nBtJNsIoFAH9MZ54wRE', 'BRONTOKUSUMAN', '54', 2),
(3496, '6eAXJuj80IcznD23LTgaVd9PEFUx5Y', 'EMH4qr7fjwm0QJOchtdaBIV8nZ1l2K', 'BRONTOKUSUMAN', '63', 3),
(3497, '6eAXJuj80IcznD23LTgaVd9PEFUx5Y', 'HlVmstAzgKaPLGq6F0CkwSODZdf1I7', 'BRONTOKUSUMAN', '54', 2),
(3498, '6eAXJuj80IcznD23LTgaVd9PEFUx5Y', 'lOGSNQxo16DHb98tq0hCUZpXawIjW2', 'BRONTOKUSUMAN', '37', 1),
(3499, '6eAXJuj80IcznD23LTgaVd9PEFUx5Y', 'mTaGq0Z3XjhNvxCoScEiwBUnMg7J9F', 'BRONTOKUSUMAN', '30', 1),
(3500, '6eAXJuj80IcznD23LTgaVd9PEFUx5Y', 'pLYkxo6uHNrbZOyJBafw2VsKhqGD8i', 'BRONTOKUSUMAN', '57', 3),
(3501, '6eAXJuj80IcznD23LTgaVd9PEFUx5Y', 'Qpx6vKfA4OWRcP8Ub1GBZNYFLqXgmz', 'BRONTOKUSUMAN', '29', 1),
(3502, '6eAXJuj80IcznD23LTgaVd9PEFUx5Y', 'uvDpPKJzf5ZQlEmgrMReABqab3iShH', 'BRONTOKUSUMAN', '30', 1),
(3503, '6eAXJuj80IcznD23LTgaVd9PEFUx5Y', '2yUdtKbLNaquCGFl7Jx4sVweohZvz6', 'KEPARAKAN', '65', 3),
(3504, '6eAXJuj80IcznD23LTgaVd9PEFUx5Y', '7Z31d28Jtak09izR4IjbMBpYw6GNcT', 'KEPARAKAN', '43', 2),
(3505, '6eAXJuj80IcznD23LTgaVd9PEFUx5Y', 'ApYNP4oSG5Thr7gqBkwQ1uamieydcv', 'KEPARAKAN', '44', 2),
(3506, '6eAXJuj80IcznD23LTgaVd9PEFUx5Y', 'CEmkGKIHslaSWw1iL7TZydM2uecXDR', 'KEPARAKAN', '25', 1),
(3507, '6eAXJuj80IcznD23LTgaVd9PEFUx5Y', 'CGLADW8x7rjYugKBNdlvUViZhO6cRs', 'KEPARAKAN', '65', 3),
(3508, '6eAXJuj80IcznD23LTgaVd9PEFUx5Y', 'fadxu1esUW6B5YLrgiOFEj4bvwPM2c', 'KEPARAKAN', '52', 2),
(3509, '6eAXJuj80IcznD23LTgaVd9PEFUx5Y', 'GPlRjnfpmroNMs5F4VJ1U0yiKcEgbq', 'KEPARAKAN', '47', 2),
(3510, '6eAXJuj80IcznD23LTgaVd9PEFUx5Y', 'jp81KbY6tUTwSPeFvshdRfJ5zV9XD2', 'KEPARAKAN', '29', 1),
(3511, '6eAXJuj80IcznD23LTgaVd9PEFUx5Y', 'O2Q1jq8zkG5rvfUyXgxlRCId0aHm79', 'KEPARAKAN', '29', 1),
(3512, '6eAXJuj80IcznD23LTgaVd9PEFUx5Y', 'SCnAhobPga1OkjRN7DuvdqQsLmYpfe', 'KEPARAKAN', '23', 1),
(3513, '6eAXJuj80IcznD23LTgaVd9PEFUx5Y', 'd7843Ghf19REFYQCZjsBcxbkMTrDoa', 'WIROGUNAN', '50', 2),
(3514, '6eAXJuj80IcznD23LTgaVd9PEFUx5Y', 'JWRtT4rjmOCFIXaHDiuU2klephPwsN', 'WIROGUNAN', '63', 3),
(3515, '6eAXJuj80IcznD23LTgaVd9PEFUx5Y', 'LjiE8QXfIK7gUcpAbFs5rmDwV96RoZ', 'WIROGUNAN', '59', 3),
(3516, '6eAXJuj80IcznD23LTgaVd9PEFUx5Y', 'NYdTDuJ1Ghn3zWw6qZsQ9R8rmkg5MC', 'WIROGUNAN', '63', 3),
(3517, '6eAXJuj80IcznD23LTgaVd9PEFUx5Y', 'q1GiUAElo30PTjNY2IXfQ9Cg8VRb6K', 'WIROGUNAN', '25', 1),
(3518, '6eAXJuj80IcznD23LTgaVd9PEFUx5Y', 'Qh05ianvp9SUVFOPNd4tbmDfyW61kR', 'WIROGUNAN', '65', 3),
(3519, '6eAXJuj80IcznD23LTgaVd9PEFUx5Y', 'QrsuIKcLUaShnWMOeqoC49b5lv0XpR', 'WIROGUNAN', '28', 1),
(3520, '6eAXJuj80IcznD23LTgaVd9PEFUx5Y', 'slXRHVOeru3MiEdZzQqo6pCNxb5Fam', 'WIROGUNAN', '36', 1),
(3521, '6eAXJuj80IcznD23LTgaVd9PEFUx5Y', 'u5vQHFaei1xM7Xqn80CGKko6cBN4It', 'WIROGUNAN', '57', 3),
(3522, '6eAXJuj80IcznD23LTgaVd9PEFUx5Y', 'Z3GIj1v7DWHYmc8EkihORPsbepBfn2', 'WIROGUNAN', '40', 2),
(3523, '6eAXJuj80IcznD23LTgaVd9PEFUx5Y', '5H7ImtAsioY8w9OLgCFjDKhMRUyPSX', 'GIWANGAN', '20', 1),
(3524, '6eAXJuj80IcznD23LTgaVd9PEFUx5Y', '5YSaNKfXxgOpTGItkhnLimovq49Hlb', 'GIWANGAN', '22', 1),
(3525, '6eAXJuj80IcznD23LTgaVd9PEFUx5Y', 'dJxzGWNhmbqZPHIXjV6Tta1kACSwYy', 'GIWANGAN', '25', 1),
(3526, '6eAXJuj80IcznD23LTgaVd9PEFUx5Y', 'fteTc1K57u6nq9S3HxBiFd8NJOaCmV', 'GIWANGAN', '49', 2),
(3527, '6eAXJuj80IcznD23LTgaVd9PEFUx5Y', 'iGrte1LdRKWQ0ZO6Xow7mNVn5y2AMC', 'GIWANGAN', '30', 1),
(3528, '6eAXJuj80IcznD23LTgaVd9PEFUx5Y', 'iZCwKFA7dxN5H8nvsB4uy6GPtYglTm', 'GIWANGAN', '28', 1),
(3529, '6eAXJuj80IcznD23LTgaVd9PEFUx5Y', 'K4Jix9QPu20LAU7WkyXzYFbsrV8Ect', 'GIWANGAN', '20', 1),
(3530, '6eAXJuj80IcznD23LTgaVd9PEFUx5Y', 'saRdUvV4109iewoxy3TLF5fEPA7Mtq', 'GIWANGAN', '20', 1),
(3531, '6eAXJuj80IcznD23LTgaVd9PEFUx5Y', 'smndupMtvSYQxhgZeylcRF15kCfbqI', 'GIWANGAN', '20', 1),
(3532, '6eAXJuj80IcznD23LTgaVd9PEFUx5Y', 'sxIwvE4VMgNKSZLiDBn3JGzmeWu68Q', 'GIWANGAN', '20', 1),
(3533, '6eAXJuj80IcznD23LTgaVd9PEFUx5Y', 'Dk2gs7OWjl8GqxMh0omnRtVKzFue49', 'SOROSUTAN', '32', 1),
(3534, '6eAXJuj80IcznD23LTgaVd9PEFUx5Y', 'dLznbKRVWq5tP08siZ9rMDTQI1JoHp', 'SOROSUTAN', '56', 3),
(3535, '6eAXJuj80IcznD23LTgaVd9PEFUx5Y', 'FPuAK9XxLhs0EytSGziWV8IUZ1bYoT', 'SOROSUTAN', '42', 2),
(3536, '6eAXJuj80IcznD23LTgaVd9PEFUx5Y', 'fUqZV3Xcke7ySlGDI2QW1mTatNgPYx', 'SOROSUTAN', '73', 3),
(3537, '6eAXJuj80IcznD23LTgaVd9PEFUx5Y', 'gpcWIw2uF5j7r0eBHEh6GnXxCkVPtO', 'SOROSUTAN', '47', 2),
(3538, '6eAXJuj80IcznD23LTgaVd9PEFUx5Y', 'jaB4Y6mbwFUuSA29H0P3IOQXRhpEcM', 'SOROSUTAN', '38', 2),
(3539, '6eAXJuj80IcznD23LTgaVd9PEFUx5Y', 'mZc0b4v5HMpaByIX3dVYikLgKn2stO', 'SOROSUTAN', '38', 2),
(3540, '6eAXJuj80IcznD23LTgaVd9PEFUx5Y', 'NaBYPnzw9lULCkMGvseTIQ6xqgpWyD', 'SOROSUTAN', '29', 1),
(3541, '6eAXJuj80IcznD23LTgaVd9PEFUx5Y', 'uhU71mbPlH5St8MAVczBJo9YeNknWj', 'SOROSUTAN', '50', 2),
(3542, '6eAXJuj80IcznD23LTgaVd9PEFUx5Y', 'WCNRHsfEzIMAdaBXZrw6jtl12q5LY8', 'SOROSUTAN', '22', 1),
(3543, '6eAXJuj80IcznD23LTgaVd9PEFUx5Y', '2I1FCa04nAs9MfSDLtQEXqu83izp5w', 'PANDEYAN', '20', 1),
(3544, '6eAXJuj80IcznD23LTgaVd9PEFUx5Y', '5YZlhzP8kUoKa326BjvxmLw0eJHSQd', 'PANDEYAN', '60', 3),
(3545, '6eAXJuj80IcznD23LTgaVd9PEFUx5Y', 'bGgPyV7LE8mJdR5Kafxuq94AW6HpTC', 'PANDEYAN', '20', 1),
(3546, '6eAXJuj80IcznD23LTgaVd9PEFUx5Y', 'bQmEU987Hc3SuY0Js6yq4DMpIdhLfK', 'PANDEYAN', '21', 1),
(3547, '6eAXJuj80IcznD23LTgaVd9PEFUx5Y', 'FMR4js09dmTH3YarnIwhoVu68cB1Zb', 'PANDEYAN', '21', 1),
(3548, '6eAXJuj80IcznD23LTgaVd9PEFUx5Y', 'GeymdT8NsSawvu4fiJDQZcBtM1pUOC', 'PANDEYAN', '20', 1),
(3549, '6eAXJuj80IcznD23LTgaVd9PEFUx5Y', 'JZQfa3ilqOum2oBpXwzcDHjxgr4yS7', 'PANDEYAN', '20', 1),
(3550, '6eAXJuj80IcznD23LTgaVd9PEFUx5Y', 'rHxe43JOKsaGvy8n9fE7cXwNDzQICM', 'PANDEYAN', '20', 1),
(3551, '6eAXJuj80IcznD23LTgaVd9PEFUx5Y', 'rT4zMUQcXFlGHO7s91umJ3nKa2SEgh', 'PANDEYAN', '20', 1),
(3552, '6eAXJuj80IcznD23LTgaVd9PEFUx5Y', 'tLpJnW4GlmuqQyIF1gDf9ESNvKjoTC', 'PANDEYAN', '53', 3),
(3553, '6eAXJuj80IcznD23LTgaVd9PEFUx5Y', '6RAuTfoC9kDsg1YxJFEhSL2re4w3dI', 'WARUNGBOTO', '31', 2),
(3554, '6eAXJuj80IcznD23LTgaVd9PEFUx5Y', 'AT0lpPU18fLjuRrVgZJ9m7MtQzd5N3', 'WARUNGBOTO', '39', 2),
(3555, '6eAXJuj80IcznD23LTgaVd9PEFUx5Y', 'AvS3U4eKFNTZsa2cQM6bVzhqPLrHil', 'WARUNGBOTO', '26', 1),
(3556, '6eAXJuj80IcznD23LTgaVd9PEFUx5Y', 'Gdbm1pDoqjM93cHJ4lt5UXruZhYNIS', 'WARUNGBOTO', '30', 2),
(3557, '6eAXJuj80IcznD23LTgaVd9PEFUx5Y', 'GkBqphDSwtmCAZT1RPLHzf9Q627WME', 'WARUNGBOTO', '30', 2),
(3558, '6eAXJuj80IcznD23LTgaVd9PEFUx5Y', 'hK8TeCx5wDqJiPWm3apS4sNjFOncgL', 'WARUNGBOTO', '58', 3),
(3559, '6eAXJuj80IcznD23LTgaVd9PEFUx5Y', 'ILHwJxitsfcVzB4F3OA60vQPXW7Rrm', 'WARUNGBOTO', '57', 3),
(3560, '6eAXJuj80IcznD23LTgaVd9PEFUx5Y', 'KP6e3AB5WfCFwdxOSchrXIkvHGQtnL', 'WARUNGBOTO', '65', 3),
(3561, '6eAXJuj80IcznD23LTgaVd9PEFUx5Y', 'uZRLWV1UzDfGA3JtPoO4l6rbQakpv9', 'WARUNGBOTO', '46', 3),
(3562, '6eAXJuj80IcznD23LTgaVd9PEFUx5Y', 'vHVjBo09kZgyzSF5xuOYedrWM1lhp2', 'WARUNGBOTO', '44', 2),
(3563, '6eAXJuj80IcznD23LTgaVd9PEFUx5Y', 'A1WC3tDKu2xjqZBHPyIiwY0XaNV9fM', 'TAHUNAN', '42', 2),
(3564, '6eAXJuj80IcznD23LTgaVd9PEFUx5Y', 'BFedMIkGxV3UOcmyoL715agEPtNv09', 'TAHUNAN', '44', 2),
(3565, '6eAXJuj80IcznD23LTgaVd9PEFUx5Y', 'BWS26GUPgXF7Ch9KJiAOpmdbQVysjv', 'TAHUNAN', '35', 1),
(3566, '6eAXJuj80IcznD23LTgaVd9PEFUx5Y', 'HTZgBk0NCJELs6djluXF8RAotyYK4z', 'TAHUNAN', '58', 3),
(3567, '6eAXJuj80IcznD23LTgaVd9PEFUx5Y', 'PkdD9B2V6lR8SvQUFzNOg5ZwYLAqho', 'TAHUNAN', '37', 2),
(3568, '6eAXJuj80IcznD23LTgaVd9PEFUx5Y', 'q1pLDo70TR2alv9mZUzsH8de6jWxMK', 'TAHUNAN', '70', 3),
(3569, '6eAXJuj80IcznD23LTgaVd9PEFUx5Y', 'q4cskxjNU5GLuBIflQo8R6HShXteJv', 'TAHUNAN', '57', 3),
(3570, '6eAXJuj80IcznD23LTgaVd9PEFUx5Y', 'sWu8DnNg3OajC7eJ65ZtEGLzq0c2pi', 'TAHUNAN', '20', 1),
(3571, '6eAXJuj80IcznD23LTgaVd9PEFUx5Y', 'ToaFjzbxO30IrNmBDLWMfPR6veQyUd', 'TAHUNAN', '51', 2),
(3572, '6eAXJuj80IcznD23LTgaVd9PEFUx5Y', 'VquY4GBDhdpSMJbWEKtwP7IQU8v1XZ', 'TAHUNAN', '50', 2),
(3573, '6eAXJuj80IcznD23LTgaVd9PEFUx5Y', '0puLxF2CvNDO19SeJXHzi56U8P43yV', 'MUJAMUJU', '53', 3),
(3574, '6eAXJuj80IcznD23LTgaVd9PEFUx5Y', '0XBJRH9jb6DhyPSNMZYUa8Wqifug7t', 'MUJAMUJU', '67', 3),
(3575, '6eAXJuj80IcznD23LTgaVd9PEFUx5Y', 'DeUjISR7Vfl62OPsMXBFEhug89w5nc', 'MUJAMUJU', '27', 1),
(3576, '6eAXJuj80IcznD23LTgaVd9PEFUx5Y', 'IDoNzfmgtbpyu8LE2kAvRMFsjdQJCY', 'MUJAMUJU', '55', 3),
(3577, '6eAXJuj80IcznD23LTgaVd9PEFUx5Y', 'p1C6sxMG85YHvwOBQhni3R0tu9DPqT', 'MUJAMUJU', '41', 2),
(3578, '6eAXJuj80IcznD23LTgaVd9PEFUx5Y', 'QghFcL8aBniIEtlMzYeSXx1s0Pb2uN', 'MUJAMUJU', '24', 1),
(3579, '6eAXJuj80IcznD23LTgaVd9PEFUx5Y', 'RCuNUoQle3crgdSbfi4Dsq7L0PYtZO', 'MUJAMUJU', '39', 2),
(3580, '6eAXJuj80IcznD23LTgaVd9PEFUx5Y', 'VzM1Tc0uaENwkgSlUsQFXCx8YI9bq4', 'MUJAMUJU', '33', 1),
(3581, '6eAXJuj80IcznD23LTgaVd9PEFUx5Y', 'WIli9Xds1mShgx4yNtpw0CjVkc3Yaz', 'MUJAMUJU', '42', 2),
(3582, '6eAXJuj80IcznD23LTgaVd9PEFUx5Y', 'wxG3RUcnZ79yqJpTEPQBYbeDul8rFX', 'MUJAMUJU', '20', 1),
(3583, '6eAXJuj80IcznD23LTgaVd9PEFUx5Y', 'bYVa0uFcn5UkX4AsqGwiDJp319QmoM', 'SEMAKI', '25', 1),
(3584, '6eAXJuj80IcznD23LTgaVd9PEFUx5Y', 'CIAxVw2FUEpairbsZBnMmjXlHcL7h6', 'SEMAKI', '24', 1),
(3585, '6eAXJuj80IcznD23LTgaVd9PEFUx5Y', 'cnj1F07O3xMazGRVBZPhYsE96AuCNw', 'SEMAKI', '59', 3),
(3586, '6eAXJuj80IcznD23LTgaVd9PEFUx5Y', 'J5RhZpQW2xeiMFHmXu7q8YgKA0S9Tn', 'SEMAKI', '53', 3),
(3587, '6eAXJuj80IcznD23LTgaVd9PEFUx5Y', 'L0Fb7mIdKowBykpe5TqQvuJcPjnUt9', 'SEMAKI', '33', 1),
(3588, '6eAXJuj80IcznD23LTgaVd9PEFUx5Y', 'OD0519EMAwPnVmYRN4hbzv8q2efu6c', 'SEMAKI', '40', 2),
(3589, '6eAXJuj80IcznD23LTgaVd9PEFUx5Y', 'oxt1aXdIYkb0cgF3GNsDJElfp8TB5r', 'SEMAKI', '32', 1),
(3590, '6eAXJuj80IcznD23LTgaVd9PEFUx5Y', 'srNjMTVZYkcIGXdlmFEu3H9Pp7JzLQ', 'SEMAKI', '45', 2),
(3591, '6eAXJuj80IcznD23LTgaVd9PEFUx5Y', 'TRrlE9ygPLXnif4UO2bwe1smtJpACS', 'SEMAKI', '68', 3),
(3592, '6eAXJuj80IcznD23LTgaVd9PEFUx5Y', 'XlCzJEPwa2bV5T1qNK9LQG47ZhSg8D', 'SEMAKI', '54', 3),
(3593, '6eAXJuj80IcznD23LTgaVd9PEFUx5Y', '8jMWYwlVrLxyGOh36ksCANE2bHpPBF', 'PRENGGAN', '26', 1),
(3594, '6eAXJuj80IcznD23LTgaVd9PEFUx5Y', '8zorRgsPt1EByxITFcmd0q7VO6SUYj', 'PRENGGAN', '20', 1),
(3595, '6eAXJuj80IcznD23LTgaVd9PEFUx5Y', '9uCDeLEjbZW84MRhysp6Gv1dcV20aT', 'PRENGGAN', '20', 1),
(3596, '6eAXJuj80IcznD23LTgaVd9PEFUx5Y', 'bGeICmcw1SVEF2N3QopaXdAlh9ZYOf', 'PRENGGAN', '30', 1),
(3597, '6eAXJuj80IcznD23LTgaVd9PEFUx5Y', 'DUNIgAhLnwmSiMorP72eOK46X5HzQa', 'PRENGGAN', '28', 1),
(3598, '6eAXJuj80IcznD23LTgaVd9PEFUx5Y', 'IMkXHaL9slOJfVQ18WdcA7DSt4hNvq', 'PRENGGAN', '20', 1),
(3599, '6eAXJuj80IcznD23LTgaVd9PEFUx5Y', 'jfJhwgxDWbkY2FSXKH6N804ao1ue9P', 'PRENGGAN', '43', 2),
(3600, '6eAXJuj80IcznD23LTgaVd9PEFUx5Y', 'q4fcHJMYrQ0BTwobAOsn6aGLX9i5D1', 'PRENGGAN', '51', 3),
(3601, '6eAXJuj80IcznD23LTgaVd9PEFUx5Y', 'U3nNtdaLXKOSQrETY1Fu6xGvHWMwzc', 'PRENGGAN', '30', 1),
(3602, '6eAXJuj80IcznD23LTgaVd9PEFUx5Y', 'ZfeXG21D6NbMHUwTaB8lEOQdmyjrSI', 'PRENGGAN', '32', 1),
(3603, '6eAXJuj80IcznD23LTgaVd9PEFUx5Y', '1KcCoT45vey0HXqWZs3PFdRkEmAl2r', 'PURBAYAN', '65', 3),
(3604, '6eAXJuj80IcznD23LTgaVd9PEFUx5Y', '4365HMFV80pGxEYfi9uwghnqeQDUmv', 'PURBAYAN', '25', 1),
(3605, '6eAXJuj80IcznD23LTgaVd9PEFUx5Y', 'ArbimtwI0f48zqUkYyj5FGnlCKWTvp', 'PURBAYAN', '28', 1),
(3606, '6eAXJuj80IcznD23LTgaVd9PEFUx5Y', 'DXdskCQguyqhIJzMntZ1E0BGiamNAb', 'PURBAYAN', '24', 1),
(3607, '6eAXJuj80IcznD23LTgaVd9PEFUx5Y', 'ESN7ZHXlVG6FAuIKJwcz8M4BfxQio5', 'PURBAYAN', '22', 1),
(3608, '6eAXJuj80IcznD23LTgaVd9PEFUx5Y', 'JaUkd7eLCoYO4EwbfZPuS8qx9glA2H', 'PURBAYAN', '52', 3),
(3609, '6eAXJuj80IcznD23LTgaVd9PEFUx5Y', 'KF2g3MTjvuxAzHLwOVfCD1nNXblsRE', 'PURBAYAN', '45', 2),
(3610, '6eAXJuj80IcznD23LTgaVd9PEFUx5Y', 'oO1r3IvQz75RdbPuwCY4lcZ06SGF29', 'PURBAYAN', '58', 3),
(3611, '6eAXJuj80IcznD23LTgaVd9PEFUx5Y', 's6DuRcmQGiehkvJrCHSAbpBIj9l8KL', 'PURBAYAN', '30', 1),
(3612, '6eAXJuj80IcznD23LTgaVd9PEFUx5Y', 'WTzMXxUpK2i6f0hB8mnSPRENl4JuvH', 'PURBAYAN', '45', 2),
(3613, '6eAXJuj80IcznD23LTgaVd9PEFUx5Y', '1JKdvHABoipQMbN2eDfkjyqg0TsS5c', 'REJOWINANGUN', '56', 3),
(3614, '6eAXJuj80IcznD23LTgaVd9PEFUx5Y', '265NlACYU3Vp4XaTRhZFdkoEQ9nq10', 'REJOWINANGUN', '30', 1),
(3615, '6eAXJuj80IcznD23LTgaVd9PEFUx5Y', '2i5V9DqxAJFhN6ecrSkXpdt7OWuRTg', 'REJOWINANGUN', '36', 2),
(3616, '6eAXJuj80IcznD23LTgaVd9PEFUx5Y', '2VGWm3nvPwEsH8biFBCfp6kcQoLlYj', 'REJOWINANGUN', '23', 1),
(3617, '6eAXJuj80IcznD23LTgaVd9PEFUx5Y', '3SqoAGTwRBjzuFrNO6nDJplPHU7M4Z', 'REJOWINANGUN', '48', 2),
(3618, '6eAXJuj80IcznD23LTgaVd9PEFUx5Y', '4jiTKfJOVAErCaXInUmWYuLt8epDxR', 'REJOWINANGUN', '67', 3),
(3619, '6eAXJuj80IcznD23LTgaVd9PEFUx5Y', 'heMx9abZJWiYkwpD7g1Qj3VqXnFzyN', 'REJOWINANGUN', '40', 2),
(3620, '6eAXJuj80IcznD23LTgaVd9PEFUx5Y', 'njqVKsOoztuLAdT4vbc6my1I8Dhpw7', 'REJOWINANGUN', '34', 2),
(3621, '6eAXJuj80IcznD23LTgaVd9PEFUx5Y', 'TKd62hXuzGImeHqwLMgt4BfS1lPJaC', 'REJOWINANGUN', '46', 2),
(3622, '6eAXJuj80IcznD23LTgaVd9PEFUx5Y', 'W1tdKAa2k9FZl0zbpcOu6oy8GSHfDV', 'REJOWINANGUN', '24', 1),
(3623, '6eAXJuj80IcznD23LTgaVd9PEFUx5Y', '5SO78h2aPkpWJq6uj9r4cmUMvFYidN', 'BACIRO', '56', 3),
(3624, '6eAXJuj80IcznD23LTgaVd9PEFUx5Y', 'GwcRtkv06hbfYeTE8A2lPJMdBKDILx', 'BACIRO', '45', 2),
(3625, '6eAXJuj80IcznD23LTgaVd9PEFUx5Y', 'HvsRPAMFw3X62tYV0nzdEi5LCcZhjW', 'BACIRO', '48', 2),
(3626, '6eAXJuj80IcznD23LTgaVd9PEFUx5Y', 'JC9Rr6wN1dpD8PvXTQO5Uu7g2qGljx', 'BACIRO', '51', 2),
(3627, '6eAXJuj80IcznD23LTgaVd9PEFUx5Y', 'lHA2rZGe4o78Dvz1IiXcQ9h6YC5ukU', 'BACIRO', '41', 2),
(3628, '6eAXJuj80IcznD23LTgaVd9PEFUx5Y', 'lYUKNVmyvcn6DtjLubOJ4TfIgo8Bwq', 'BACIRO', '28', 1),
(3629, '6eAXJuj80IcznD23LTgaVd9PEFUx5Y', 'M7zq1YE5QKp346BfVTloP8hxeXSO0k', 'BACIRO', '53', 3),
(3630, '6eAXJuj80IcznD23LTgaVd9PEFUx5Y', 'McVAvyeY47id5qXEpOtChD0UbJFosS', 'BACIRO', '35', 1),
(3631, '6eAXJuj80IcznD23LTgaVd9PEFUx5Y', 'ngOyNBTMcA8fmQJ5oClvxdVY7ZzIs1', 'BACIRO', '41', 2),
(3632, '6eAXJuj80IcznD23LTgaVd9PEFUx5Y', 'QgiwEMGeTRmY5NzKjs86U9AfqDc1at', 'BACIRO', '34', 1),
(3633, '6eAXJuj80IcznD23LTgaVd9PEFUx5Y', 'wOZExHmt3Aog1iWGbDnVLs598jYNdR', 'BACIRO', '34', 1),
(3634, '6eAXJuj80IcznD23LTgaVd9PEFUx5Y', '1kgd7JuQLhyoO3ZVIiAUBsGtHwvMfq', 'DEMANGAN', '63', 3),
(3635, '6eAXJuj80IcznD23LTgaVd9PEFUx5Y', '26XyksOu1AKNYTz0xpflQ4EFZHcWvC', 'DEMANGAN', '35', 2),
(3636, '6eAXJuj80IcznD23LTgaVd9PEFUx5Y', 'bHxE5Vutwe86rYfXGLMkJT9hmQjZ0P', 'DEMANGAN', '38', 2),
(3637, '6eAXJuj80IcznD23LTgaVd9PEFUx5Y', 'hei2k6aL4rgT07ojcWAb8QvYtORBKd', 'DEMANGAN', '58', 3),
(3638, '6eAXJuj80IcznD23LTgaVd9PEFUx5Y', 'luIpixbgtRYJzQoawdMLVkG0hS5cFr', 'DEMANGAN', '32', 1),
(3639, '6eAXJuj80IcznD23LTgaVd9PEFUx5Y', 'toaqCNO3VhpzYrmyQ9wAUWbgsLF6Df', 'DEMANGAN', '34', 2),
(3640, '6eAXJuj80IcznD23LTgaVd9PEFUx5Y', 'ulayo7DP4YqhbM0dk5I2Tj6exrvLQW', 'DEMANGAN', '50', 3),
(3641, '6eAXJuj80IcznD23LTgaVd9PEFUx5Y', 'w4tY5bKSjlBLcAoUQngOh2m390ysMC', 'DEMANGAN', '20', 1),
(3642, '6eAXJuj80IcznD23LTgaVd9PEFUx5Y', 'ypGLqbCmVtAjd6iY2OgZBNIKXu4oW7', 'DEMANGAN', '28', 1),
(3643, '6eAXJuj80IcznD23LTgaVd9PEFUx5Y', '6yl1WE8bmXY4GjHZkcAeTQ2ha5oLJS', 'KLITREN', '41', 2),
(3644, '6eAXJuj80IcznD23LTgaVd9PEFUx5Y', 'bOxMoGkeT8ncCdQ7XVPWgrZIHzFpKS', 'KLITREN', '61', 3),
(3645, '6eAXJuj80IcznD23LTgaVd9PEFUx5Y', 'GE8iKLVuTl5oRO3FC4HcygWZ2NSD0P', 'KLITREN', '50', 3),
(3646, '6eAXJuj80IcznD23LTgaVd9PEFUx5Y', 'gTA5Eb4BRh6sLmH0dPwYljf2rOQeyc', 'KLITREN', '47', 2),
(3647, '6eAXJuj80IcznD23LTgaVd9PEFUx5Y', 'iIDh3ASreL1GZETuQqgoHvJd94kb2W', 'KLITREN', '35', 2),
(3648, '6eAXJuj80IcznD23LTgaVd9PEFUx5Y', 'L4NJGabo67EUjBicHYyhtZFd9WwpRA', 'KLITREN', '55', 3),
(3649, '6eAXJuj80IcznD23LTgaVd9PEFUx5Y', 'SaprZs5RhbiNzyxcnVEC4MYAdftg29', 'KLITREN', '55', 3),
(3650, '6eAXJuj80IcznD23LTgaVd9PEFUx5Y', 'WJHELwVvboacgpR20fhFTBPKx3yS8u', 'KLITREN', '39', 2),
(3651, '6eAXJuj80IcznD23LTgaVd9PEFUx5Y', 'Xm8poWA0xzC1U3EtSgykb4LwVZNMs6', 'KLITREN', '48', 2),
(3652, '6eAXJuj80IcznD23LTgaVd9PEFUx5Y', 'zn8OxKlEkycC72LaGwgsTHu3etNBWU', 'KLITREN', '34', 2),
(3653, '6eAXJuj80IcznD23LTgaVd9PEFUx5Y', '54bA1ePOYSELouGW3vkDXnMKdtIfr7', 'KOTABARU', '53', 3),
(3654, '6eAXJuj80IcznD23LTgaVd9PEFUx5Y', '7vy0eO62KcCzno8fTjMbVPRUZEBqQY', 'KOTABARU', '32', 1),
(3655, '6eAXJuj80IcznD23LTgaVd9PEFUx5Y', 'DeL9ZIpmKOPk2V3WjG4CruTi0NtE8A', 'KOTABARU', '43', 2),
(3656, '6eAXJuj80IcznD23LTgaVd9PEFUx5Y', 'H72YUcGaOwjPuyTR6BbKqAeodlM0Ni', 'KOTABARU', '30', 1),
(3657, '6eAXJuj80IcznD23LTgaVd9PEFUx5Y', 'nulTYaOKJSxQ3wdv5birzfABoIpNeP', 'KOTABARU', '64', 3),
(3658, '6eAXJuj80IcznD23LTgaVd9PEFUx5Y', 'nVHDsrwJ5ku9lN08EIX3UeAgPBhZ2T', 'KOTABARU', '30', 1),
(3659, '6eAXJuj80IcznD23LTgaVd9PEFUx5Y', 'oSdz0fH8O4cLUR7YX9G6JglrvepxDi', 'KOTABARU', '51', 3),
(3660, '6eAXJuj80IcznD23LTgaVd9PEFUx5Y', 'ty0sXPkWJxMn7238DzYuHCVLRNdIEG', 'KOTABARU', '65', 3),
(3661, '6eAXJuj80IcznD23LTgaVd9PEFUx5Y', 'uRAaQ45r6JM8wWzB7YsScegIHbnv1o', 'KOTABARU', '39', 2),
(3662, '6eAXJuj80IcznD23LTgaVd9PEFUx5Y', 'xXO1lmYiejHtFQn92rS5wckVJ0gsCy', 'KOTABARU', '28', 1),
(3663, '6eAXJuj80IcznD23LTgaVd9PEFUx5Y', '9XGwhVMp7TueJcELqzYZs16Ktd2UQx', 'TERBAN', '50', 2),
(3664, '6eAXJuj80IcznD23LTgaVd9PEFUx5Y', 'C4i2KHtY7MB5zWTy6VUJdZnPqOjlxh', 'TERBAN', '55', 3),
(3665, '6eAXJuj80IcznD23LTgaVd9PEFUx5Y', 'gI6GZld8fKrStNmwzsjnBEJQv47WFb', 'TERBAN', '30', 1),
(3666, '6eAXJuj80IcznD23LTgaVd9PEFUx5Y', 'H4XRVMJ0NPU8vCQcF2ZgjO7luIsieD', 'TERBAN', '25', 1),
(3667, '6eAXJuj80IcznD23LTgaVd9PEFUx5Y', 'ok1tST7KDaxuWViqCAXbEpZ3M208Lc', 'TERBAN', '42', 2),
(3668, '6eAXJuj80IcznD23LTgaVd9PEFUx5Y', 'uckHBwTNo2UKvmS6dQ8ODgpjRnbzhx', 'TERBAN', '70', 3),
(3669, '6eAXJuj80IcznD23LTgaVd9PEFUx5Y', 'UIJYnr3Qj7qbBAmyv9pXCPxHKdsZo0', 'TERBAN', '20', 1),
(3670, '6eAXJuj80IcznD23LTgaVd9PEFUx5Y', 'VZxCd7A3D5ypXsmogM1n0lzkU4P8fT', 'TERBAN', '24', 1),
(3671, '6eAXJuj80IcznD23LTgaVd9PEFUx5Y', 'xowaIiRWL0b64sKJ9BASMNgnjD2zOQ', 'TERBAN', '47', 2),
(3672, '6eAXJuj80IcznD23LTgaVd9PEFUx5Y', 'yvc2E4XpHGJPCVBNkKTYehuIit87xO', 'TERBAN', '29', 1),
(3673, '6eAXJuj80IcznD23LTgaVd9PEFUx5Y', 'axAWs7FuC8dlnZ2LiOMq4mPpjE5HyX', 'SURYATMAJAN', '27', 1),
(3674, '6eAXJuj80IcznD23LTgaVd9PEFUx5Y', 'cXtxE7oSaFYROwUCHeImh0kfqAgLz6', 'SURYATMAJAN', '63', 3),
(3675, '6eAXJuj80IcznD23LTgaVd9PEFUx5Y', 'fYQbiILA61P93HF5peyvWZUXEksgOz', 'SURYATMAJAN', '53', 3),
(3676, '6eAXJuj80IcznD23LTgaVd9PEFUx5Y', 'GTBMgzjaoSV4FXLADHqh7EpOirxJeP', 'SURYATMAJAN', '31', 1),
(3677, '6eAXJuj80IcznD23LTgaVd9PEFUx5Y', 'hFfGQkW8lXpOIyLaCP2s1eZzmUrNSj', 'SURYATMAJAN', '29', 1),
(3678, '6eAXJuj80IcznD23LTgaVd9PEFUx5Y', 'LsH8UocR9kGFT16hzDpvVAEQNlrWYJ', 'SURYATMAJAN', '35', 2),
(3679, '6eAXJuj80IcznD23LTgaVd9PEFUx5Y', 'OklrnsZN4bLDTU7YJeHuBgFAGWtj9q', 'SURYATMAJAN', '43', 2),
(3680, '6eAXJuj80IcznD23LTgaVd9PEFUx5Y', 'pHYWfKzyZa4USLFDOc0XvPtwusmB8h', 'SURYATMAJAN', '33', 1),
(3681, '6eAXJuj80IcznD23LTgaVd9PEFUx5Y', 'zSBNOnwQ3FP0kGyXDjMvYZ54p8IAxa', 'SURYATMAJAN', '74', 3),
(3682, '6eAXJuj80IcznD23LTgaVd9PEFUx5Y', '8A5kVZgeIS3C9TRi4Woz2MEG7nhtr1', 'TEGALPANGGUNG', '30', 1),
(3683, '6eAXJuj80IcznD23LTgaVd9PEFUx5Y', '8C6AycLpGlEnsWrPOXa5zmYQvSRNx3', 'TEGALPANGGUNG', '30', 1),
(3684, '6eAXJuj80IcznD23LTgaVd9PEFUx5Y', 'BVX7QHI1j58A6v3mGLayOxRKNgSFPb', 'TEGALPANGGUNG', '29', 1),
(3685, '6eAXJuj80IcznD23LTgaVd9PEFUx5Y', 'cbY4z3w9aZJuXB2ARvUiofmteQFLSp', 'TEGALPANGGUNG', '61', 3),
(3686, '6eAXJuj80IcznD23LTgaVd9PEFUx5Y', 'CxyNgzwqtVBY7W5D0uUFiLrAOsM6oG', 'TEGALPANGGUNG', '64', 3),
(3687, '6eAXJuj80IcznD23LTgaVd9PEFUx5Y', 'iLTOcSmeEkxt02rl6CaHGJb8gBNQqv', 'TEGALPANGGUNG', '29', 1),
(3688, '6eAXJuj80IcznD23LTgaVd9PEFUx5Y', 'iPRE8AD2shGBk7b3aUHNo6exT5ctXF', 'TEGALPANGGUNG', '78', 3),
(3689, '6eAXJuj80IcznD23LTgaVd9PEFUx5Y', 'ROhAtoJPpi4uKFZI0f65wvzedUm37Q', 'TEGALPANGGUNG', '35', 2),
(3690, '6eAXJuj80IcznD23LTgaVd9PEFUx5Y', 'uechLVvxHOaIJkDgloPKCE5X61sqGZ', 'TEGALPANGGUNG', '61', 3),
(3691, '6eAXJuj80IcznD23LTgaVd9PEFUx5Y', 'XmuBHabj4CEA6OZYGthLDwfigeTFdr', 'TEGALPANGGUNG', '31', 1),
(3692, '6eAXJuj80IcznD23LTgaVd9PEFUx5Y', 'Fo9B8dpGqnt6eC7L2QIAvuMfZgrWzD', 'BAUSASRAN', '47', 2),
(3693, '6eAXJuj80IcznD23LTgaVd9PEFUx5Y', 'g2qXYZPtjv4bHKEB36c5LlkwrVhuem', 'BAUSASRAN', '49', 2),
(3694, '6eAXJuj80IcznD23LTgaVd9PEFUx5Y', 'GShd69iHaPp3vFrYCLcj0EeZqm58gn', 'BAUSASRAN', '38', 2),
(3695, '6eAXJuj80IcznD23LTgaVd9PEFUx5Y', 'iHDpsP63lIYrLMNBzcaKGxodb0Fh1t', 'BAUSASRAN', '51', 2),
(3696, '6eAXJuj80IcznD23LTgaVd9PEFUx5Y', 'LHA4SlGPBCEzdUVKivJk2QnZDXp5wx', 'BAUSASRAN', '43', 2),
(3697, '6eAXJuj80IcznD23LTgaVd9PEFUx5Y', 'lpsXRFTYQEuOaZq0VPSfxAd1yWNvin', 'BAUSASRAN', '32', 1),
(3698, '6eAXJuj80IcznD23LTgaVd9PEFUx5Y', 'NZ3qrlz2ai0VMIgG6SRWDpAv8FesjC', 'BAUSASRAN', '64', 3),
(3699, '6eAXJuj80IcznD23LTgaVd9PEFUx5Y', 'OGEYjDoI8MmxBPSW2eatUhvCLNkgVb', 'BAUSASRAN', '77', 3),
(3700, '6eAXJuj80IcznD23LTgaVd9PEFUx5Y', 'UApx6hj8v0IV3MaeiWDZSBCJmLok1d', 'BAUSASRAN', '33', 1),
(3701, '6eAXJuj80IcznD23LTgaVd9PEFUx5Y', 'zSwKdsYIcqbtih8X7NRB0lOMFGZ3D2', 'BAUSASRAN', '36', 1),
(3702, '6eAXJuj80IcznD23LTgaVd9PEFUx5Y', '3bUCc5yq0PTv2uXjEdN7gGDoQWKwx9', 'PURWOKINANTI', '33', 1),
(3703, '6eAXJuj80IcznD23LTgaVd9PEFUx5Y', 'CYrmKHaXRGqWgxMNe6Tt37AUOs8LVk', 'PURWOKINANTI', '40', 2),
(3704, '6eAXJuj80IcznD23LTgaVd9PEFUx5Y', 'edBL5rJDkNH2GCpbKV1UlsRa9ncI40', 'PURWOKINANTI', '36', 2),
(3705, '6eAXJuj80IcznD23LTgaVd9PEFUx5Y', 'R3mZFraypT0K7Dtvcis1MxbYeHk4Cu', 'PURWOKINANTI', '48', 2),
(3706, '6eAXJuj80IcznD23LTgaVd9PEFUx5Y', 'r7oAwWxVL9busEf0D3vhFMqtm4RSp6', 'PURWOKINANTI', '56', 3),
(3707, '6eAXJuj80IcznD23LTgaVd9PEFUx5Y', 'teoaqkfFsG5m1JKNUi6Xrj8SBY3Hgd', 'PURWOKINANTI', '22', 1),
(3708, '6eAXJuj80IcznD23LTgaVd9PEFUx5Y', 'tJsDrwScAofdFpkaM2HvzVXxgE90h6', 'PURWOKINANTI', '42', 2),
(3709, '6eAXJuj80IcznD23LTgaVd9PEFUx5Y', 'u53k0MlayX74WqcPb6AJFZxhvI9Vsn', 'PURWOKINANTI', '59', 3),
(3710, '6eAXJuj80IcznD23LTgaVd9PEFUx5Y', 'USNRsdVwvXthrebEIg8PfoC2xWLOFz', 'PURWOKINANTI', '63', 3),
(3711, '6eAXJuj80IcznD23LTgaVd9PEFUx5Y', 'Vc5gRxovA6UhN37uyMLYtPpeHzfJWO', 'PURWOKINANTI', '22', 1),
(3712, '6eAXJuj80IcznD23LTgaVd9PEFUx5Y', 'CBxPpuiGTMgw56WrcYmaq0FdVKot7e', 'PRAWIRODIRJAN', '37', 2),
(3713, '6eAXJuj80IcznD23LTgaVd9PEFUx5Y', 'f9vKxGsag4lDyPoCTLIUzEQ8ZHM6O1', 'PRAWIRODIRJAN', '41', 2),
(3714, '6eAXJuj80IcznD23LTgaVd9PEFUx5Y', 'fpVi6W0kueaTQYINP8RjL1lwKZgXh9', 'PRAWIRODIRJAN', '20', 1),
(3715, '6eAXJuj80IcznD23LTgaVd9PEFUx5Y', 'K6jFyI0sbdifLuaH2lzTV9StOCoBD1', 'PRAWIRODIRJAN', '35', 2),
(3716, '6eAXJuj80IcznD23LTgaVd9PEFUx5Y', 'LSOAxIgs9w8kTHQBC6mMuNn7eKqfc4', 'PRAWIRODIRJAN', '35', 2),
(3717, '6eAXJuj80IcznD23LTgaVd9PEFUx5Y', 'm7xGaF6V2J1fuA9hcq0DzpsZBotyO5', 'PRAWIRODIRJAN', '25', 1),
(3718, '6eAXJuj80IcznD23LTgaVd9PEFUx5Y', 'T2W5UsJSMA1oXjyi03hpquKZH9mgwr', 'PRAWIRODIRJAN', '28', 1),
(3719, '6eAXJuj80IcznD23LTgaVd9PEFUx5Y', 'UatvKVg0dMG4xm1Ebh6eXuq5IfCj9N', 'PRAWIRODIRJAN', '62', 3),
(3720, '6eAXJuj80IcznD23LTgaVd9PEFUx5Y', 'VcPHDyBUT8SbKEtl26uJqXiIR7xQoA', 'PRAWIRODIRJAN', '55', 3),
(3721, '6eAXJuj80IcznD23LTgaVd9PEFUx5Y', 'XyFVSPA5JwBajR3uC98bhT2Qf60eEK', 'PRAWIRODIRJAN', '20', 1),
(3722, '6eAXJuj80IcznD23LTgaVd9PEFUx5Y', '3C1lJtx46s50oIWcEwugf7NXYZOhp9', 'NGUPASAN', '21', 1),
(3723, '6eAXJuj80IcznD23LTgaVd9PEFUx5Y', 'baBUZKhpDuckiomOYN6xGFzf2LV30Q', 'NGUPASAN', '22', 1),
(3724, '6eAXJuj80IcznD23LTgaVd9PEFUx5Y', 'ClqnEuIkWfD9XywjrOML2KFhmR8doV', 'NGUPASAN', '30', 1),
(3725, '6eAXJuj80IcznD23LTgaVd9PEFUx5Y', 'HcgeylqTDuiVQfMGUIk61t5dxp8aP4', 'NGUPASAN', '36', 2),
(3726, '6eAXJuj80IcznD23LTgaVd9PEFUx5Y', 'hZ8V7Ei5rJPxSktmnacWTDyB6UMzNe', 'NGUPASAN', '89', 3),
(3727, '6eAXJuj80IcznD23LTgaVd9PEFUx5Y', 'hZagoNUW3zfY0XB84O7s2rSVxqF9lG', 'NGUPASAN', '24', 1),
(3728, '6eAXJuj80IcznD23LTgaVd9PEFUx5Y', 'PEJUZV9lc0o5gfwNpx6hRLC8uds2QB', 'NGUPASAN', '50', 2),
(3729, '6eAXJuj80IcznD23LTgaVd9PEFUx5Y', 'VPjZDfwm60rpO25T1HQb4kuWgi7BxR', 'NGUPASAN', '43', 2),
(3730, '6eAXJuj80IcznD23LTgaVd9PEFUx5Y', 'xH82neYIjA06dLPl37R4zpvhW1uUya', 'NGUPASAN', '29', 1),
(3731, '6eAXJuj80IcznD23LTgaVd9PEFUx5Y', 'y6zEJVODbB24v9lKW1xUI8ZmNGqYFt', 'NGUPASAN', '37', 2),
(3732, '6eAXJuj80IcznD23LTgaVd9PEFUx5Y', '3s5e6THYxAIkLfMplSmUJ4j8Oqd9ba', 'NOTOPRAJAN', '37', 2),
(3733, '6eAXJuj80IcznD23LTgaVd9PEFUx5Y', '7LQ3zBflmJUM6hqRyrNGYD0WdC9TPS', 'NOTOPRAJAN', '37', 2),
(3734, '6eAXJuj80IcznD23LTgaVd9PEFUx5Y', 'B52O9qtjaXRwfIZdvN4kYGhEzWoF1H', 'NOTOPRAJAN', '37', 2),
(3735, '6eAXJuj80IcznD23LTgaVd9PEFUx5Y', 'D9QPB5fAyFguxIzO6XiaMkRvUWHjNY', 'NOTOPRAJAN', '31', 1),
(3736, '6eAXJuj80IcznD23LTgaVd9PEFUx5Y', 'dC19moxBwOLQruYfzUMNVSqG6lHJXA', 'NOTOPRAJAN', '41', 2),
(3737, '6eAXJuj80IcznD23LTgaVd9PEFUx5Y', 'dxHMfB3rOiugU61wnVAs4YPeD9lShy', 'NOTOPRAJAN', '31', 1),
(3738, '6eAXJuj80IcznD23LTgaVd9PEFUx5Y', 'LQ8MgKk6jrha5TENBiqAYumxbeVtZ7', 'NOTOPRAJAN', '37', 2),
(3739, '6eAXJuj80IcznD23LTgaVd9PEFUx5Y', 'rG6WtSI2pd1izsxRf9uY8BwLOokK50', 'NOTOPRAJAN', '26', 1),
(3740, '6eAXJuj80IcznD23LTgaVd9PEFUx5Y', 'UM2N4yVomQjZg8wcEIBDOf6We1lYqC', 'NOTOPRAJAN', '47', 2),
(3741, '6eAXJuj80IcznD23LTgaVd9PEFUx5Y', 'zU1Ivyw6s90MOmA5hFru7JiGja2koC', 'NOTOPRAJAN', '34', 1),
(3742, '6eAXJuj80IcznD23LTgaVd9PEFUx5Y', '0Jqp2Pobtre5Y4EVmvxiynKsWdafGz', 'NGAMPILAN', '31', 1),
(3743, '6eAXJuj80IcznD23LTgaVd9PEFUx5Y', '1D7kMsagWn0x9eEfK3BSdCYUbV28mQ', 'NGAMPILAN', '29', 1),
(3744, '6eAXJuj80IcznD23LTgaVd9PEFUx5Y', '8dJEyPhTNFnoLeSABVqC6jXi4Qcgwx', 'NGAMPILAN', '29', 1),
(3745, '6eAXJuj80IcznD23LTgaVd9PEFUx5Y', 'BpzDYPtV9KsqThGcu8b7egUoXW5ylM', 'NGAMPILAN', '28', 1),
(3746, '6eAXJuj80IcznD23LTgaVd9PEFUx5Y', 'ETwFofviAzc7P4muagQBlj02Hq9Lb3', 'NGAMPILAN', '21', 1),
(3747, '6eAXJuj80IcznD23LTgaVd9PEFUx5Y', 'FTV3AK6JBu8NqGUji9MSfcym0ZHdRw', 'NGAMPILAN', '44', 2),
(3748, '6eAXJuj80IcznD23LTgaVd9PEFUx5Y', 'MIGldBeVhSq0tFALROCbvjfcUYim95', 'NGAMPILAN', '40', 2),
(3749, '6eAXJuj80IcznD23LTgaVd9PEFUx5Y', 'pUe63SJHdO71BksnDlGvZxzQTjbP20', 'NGAMPILAN', '38', 2),
(3750, '6eAXJuj80IcznD23LTgaVd9PEFUx5Y', 'PWzALGQYSw1d2eoVc0OZxyv4g6TE9F', 'NGAMPILAN', '23', 1),
(3751, '6eAXJuj80IcznD23LTgaVd9PEFUx5Y', 'Xm2sxknFzvWZ3SgfJOqR7d0aGIiMEo', 'NGAMPILAN', '63', 3),
(3752, '6eAXJuj80IcznD23LTgaVd9PEFUx5Y', '1dqD7wMByhnKWtki2O5JjaRIGoFzrv', 'PATANGPULUHAN', '28', 1),
(3753, '6eAXJuj80IcznD23LTgaVd9PEFUx5Y', 'cPDJ65E04YzogQM8hUlnHmes9pGFV1', 'PATANGPULUHAN', '59', 3),
(3754, '6eAXJuj80IcznD23LTgaVd9PEFUx5Y', 'DMBVk84Xr75yqRAZTz2gcGv6ECFJs3', 'PATANGPULUHAN', '33', 1),
(3755, '6eAXJuj80IcznD23LTgaVd9PEFUx5Y', 'Ea1F5iZUCuqTjKeI8Bc7M4GNtLf3lD', 'PATANGPULUHAN', '66', 3),
(3756, '6eAXJuj80IcznD23LTgaVd9PEFUx5Y', 'EshS4eg703amfPyX18UjH2xdi6TvFJ', 'PATANGPULUHAN', '39', 2),
(3757, '6eAXJuj80IcznD23LTgaVd9PEFUx5Y', 'GpsoyBOPVZElrWtIn3JShkw2bTdK79', 'PATANGPULUHAN', '32', 1),
(3758, '6eAXJuj80IcznD23LTgaVd9PEFUx5Y', 'HKYorNAlpuT8zIxMhnRiOVDk5JE0cP', 'PATANGPULUHAN', '44', 2),
(3759, '6eAXJuj80IcznD23LTgaVd9PEFUx5Y', 'hPSBY4kViu2prmU3edT0OJGbgQE8MA', 'PATANGPULUHAN', '39', 2),
(3760, '6eAXJuj80IcznD23LTgaVd9PEFUx5Y', 'p5Wjw82KBFTDhLkibogaOrMSZqlXxe', 'PATANGPULUHAN', '36', 2),
(3761, '6eAXJuj80IcznD23LTgaVd9PEFUx5Y', 'PwYUVhFoBGvc8gKR7jpaCDiSIs2tHJ', 'PATANGPULUHAN', '31', 1),
(3762, '6eAXJuj80IcznD23LTgaVd9PEFUx5Y', 'AW1hJl4250xjkuqmZQKNS6ITpFYOia', 'WIROBRAJAN', '34', 2),
(3763, '6eAXJuj80IcznD23LTgaVd9PEFUx5Y', 'C6S4aAXwNcdeB3zlx0GFybJrEoj2uZ', 'WIROBRAJAN', '59', 3),
(3764, '6eAXJuj80IcznD23LTgaVd9PEFUx5Y', 'cgU2jSqVFK386ouaxYzdPnhpB9Iie1', 'WIROBRAJAN', '55', 3),
(3765, '6eAXJuj80IcznD23LTgaVd9PEFUx5Y', 'F7KXIVYm8Q3Cov1ZiHx5W4synkBuLe', 'WIROBRAJAN', '29', 1),
(3766, '6eAXJuj80IcznD23LTgaVd9PEFUx5Y', 'Kp7JQToYsX0614DGOitWVk8nwhlFZR', 'WIROBRAJAN', '32', 1),
(3767, '6eAXJuj80IcznD23LTgaVd9PEFUx5Y', 'M7jdqfP4BVxGeDk2p1vsYE50toWL6U', 'WIROBRAJAN', '38', 2),
(3768, '6eAXJuj80IcznD23LTgaVd9PEFUx5Y', 'mn6HgOfe5GiTdQWPBwEF7SjC8xD3bq', 'WIROBRAJAN', '21', 1),
(3769, '6eAXJuj80IcznD23LTgaVd9PEFUx5Y', 'snKidEP3lByx2cj9TLu1AvRQopHJtZ', 'WIROBRAJAN', '36', 2),
(3770, '6eAXJuj80IcznD23LTgaVd9PEFUx5Y', 'TIp0VYNLifHw29ABPnOuZd8oMky5qE', 'WIROBRAJAN', '36', 2),
(3771, '6eAXJuj80IcznD23LTgaVd9PEFUx5Y', 'WotVa7fTUwKAnOXsFBx9IrLpq0NPSk', 'WIROBRAJAN', '54', 3),
(3772, '6eAXJuj80IcznD23LTgaVd9PEFUx5Y', 'AmBfNgyMHXrFv3YixCnWzSOqKLjlbG', 'PAKUNCEN', '36', 2),
(3773, '6eAXJuj80IcznD23LTgaVd9PEFUx5Y', 'Ano1qpzBU7PtS4mkIaRMxDFY2g68Zs', 'PAKUNCEN', '51', 3),
(3774, '6eAXJuj80IcznD23LTgaVd9PEFUx5Y', 'g5RKoHCOknEdNGIybMeu69TxBX4Jcj', 'PAKUNCEN', '33', 1),
(3775, '6eAXJuj80IcznD23LTgaVd9PEFUx5Y', 'k9S7TFa2A1V3mcI5qJdyvnEzuZhGf8', 'PAKUNCEN', '30', 1),
(3776, '6eAXJuj80IcznD23LTgaVd9PEFUx5Y', 'nrg9p2eomGL5bkdhU1sMwWOPcSiQNX', 'PAKUNCEN', '32', 1),
(3777, '6eAXJuj80IcznD23LTgaVd9PEFUx5Y', 'qgrzXy1u4s8plomdSFTPOYvUtQ2wIA', 'PAKUNCEN', '38', 2),
(3778, '6eAXJuj80IcznD23LTgaVd9PEFUx5Y', 'QltkaUyVNMJ0LOBYr6DIbxugTsziR9', 'PAKUNCEN', '34', 2),
(3779, '6eAXJuj80IcznD23LTgaVd9PEFUx5Y', 'RiNrt3gqLh0EOWlVzU1PZnbydJkowf', 'PAKUNCEN', '41', 2),
(3780, '6eAXJuj80IcznD23LTgaVd9PEFUx5Y', 'sX1Wxwzh6PfmBtVFklqYHUoNjy5a92', 'PAKUNCEN', '44', 2),
(3781, '6eAXJuj80IcznD23LTgaVd9PEFUx5Y', 'TjwaQOIdJUuzRB2HY8q3NLrc5e9ZFp', 'PAKUNCEN', '70', 3),
(3782, '6eAXJuj80IcznD23LTgaVd9PEFUx5Y', '4o1UPQSC5gtBymc02bdh3JM8XiqADu', 'PRINGGOKUSUMAN', '38', 2),
(3783, '6eAXJuj80IcznD23LTgaVd9PEFUx5Y', 'd7CVvs9wKiX5RMBZ8j4lYgrD6JkNIW', 'PRINGGOKUSUMAN', '31', 1),
(3784, '6eAXJuj80IcznD23LTgaVd9PEFUx5Y', 'JgPu7ObTNhAMVF2w3Z6cQEjys4zpCS', 'PRINGGOKUSUMAN', '30', 1),
(3785, '6eAXJuj80IcznD23LTgaVd9PEFUx5Y', 'JsITa2b0dly7mfR3g4WkVMqCHwXFZP', 'PRINGGOKUSUMAN', '46', 2),
(3786, '6eAXJuj80IcznD23LTgaVd9PEFUx5Y', 'SKLHmt8FlUYynziWb47fspdQvxoJkr', 'PRINGGOKUSUMAN', '28', 1),
(3787, '6eAXJuj80IcznD23LTgaVd9PEFUx5Y', 'th3BUYEuTrM6bSpekxXCD4GlzNvjwR', 'PRINGGOKUSUMAN', '40', 2),
(3788, '6eAXJuj80IcznD23LTgaVd9PEFUx5Y', 'WngYjrGhHVLDiZzyu0cwoPtONsX7qf', 'PRINGGOKUSUMAN', '35', 1),
(3789, '6eAXJuj80IcznD23LTgaVd9PEFUx5Y', 'X0yGmouUgAEOe27TBRziW5Vw6JPMtb', 'PRINGGOKUSUMAN', '29', 1),
(3790, '6eAXJuj80IcznD23LTgaVd9PEFUx5Y', 'XguaYMBpqLOm9yF14N5oh0nTi2jAHP', 'PRINGGOKUSUMAN', '32', 1),
(3791, '6eAXJuj80IcznD23LTgaVd9PEFUx5Y', 'zNcGfwuWJ1MoXO9iVqSsBAI657ZUgt', 'PRINGGOKUSUMAN', '39', 2),
(3792, '6eAXJuj80IcznD23LTgaVd9PEFUx5Y', '2f314s6lCwIqKYFy5WGQZNkote7b0D', 'SOSROMENDURAN', '33', 1),
(3793, '6eAXJuj80IcznD23LTgaVd9PEFUx5Y', 'exHOnFSYIpMZPyVvflGURtBJ60Wz2c', 'SOSROMENDURAN', '65', 3),
(3794, '6eAXJuj80IcznD23LTgaVd9PEFUx5Y', 'lMCE98ngkpSW6zLKfF7yJVAwrHbe31', 'SOSROMENDURAN', '58', 3),
(3795, '6eAXJuj80IcznD23LTgaVd9PEFUx5Y', 'ri0TNOdFx62AlcZQt9jBJ4VpPR51wu', 'SOSROMENDURAN', '44', 2),
(3796, '6eAXJuj80IcznD23LTgaVd9PEFUx5Y', 'uj6O2noPl15wGgkxTz8pbcMLYS3fBK', 'SOSROMENDURAN', '50', 2),
(3797, '6eAXJuj80IcznD23LTgaVd9PEFUx5Y', 'urcNFXAivQx73LSo9z4YO0slf8JId1', 'SOSROMENDURAN', '51', 2),
(3798, '6eAXJuj80IcznD23LTgaVd9PEFUx5Y', 'v3SzDfLVNI6rHx8sK9EBdkuqotaw1G', 'SOSROMENDURAN', '56', 3),
(3799, '6eAXJuj80IcznD23LTgaVd9PEFUx5Y', 'VJCqX5puUxMnz19YmhFcoDkGK0IBgH', 'SOSROMENDURAN', '58', 3),
(3800, '6eAXJuj80IcznD23LTgaVd9PEFUx5Y', 'XidKAboJ18nlwkqB2EjQ6eLN0Y74PV', 'SOSROMENDURAN', '87', 3),
(3801, '6eAXJuj80IcznD23LTgaVd9PEFUx5Y', 'xiYOLqZlksa2FogvM7ew9fJKjcQGU5', 'SOSROMENDURAN', '40', 2),
(3802, '6eAXJuj80IcznD23LTgaVd9PEFUx5Y', '1KHzwo5fa37I2NCQrMmFGnqebPLyXV', 'BUMIJO', '89', 3),
(3803, '6eAXJuj80IcznD23LTgaVd9PEFUx5Y', '4Vtkb5T9jBAKz3y8redLnla27WqxwY', 'BUMIJO', '27', 1),
(3804, '6eAXJuj80IcznD23LTgaVd9PEFUx5Y', '8imncsOE9Qtbpq7YeR3aToNkASulKL', 'BUMIJO', '28', 1),
(3805, '6eAXJuj80IcznD23LTgaVd9PEFUx5Y', '8lQPd5REuYXVxOqcgaLjsB0Mnfvbyi', 'BUMIJO', '37', 2),
(3806, '6eAXJuj80IcznD23LTgaVd9PEFUx5Y', 'MpLZxs6yI52bVKDnaB7T4hquwrmJXF', 'BUMIJO', '29', 1),
(3807, '6eAXJuj80IcznD23LTgaVd9PEFUx5Y', 'nHqZ1pk7XrKGgxUusELodPI8a0jcCm', 'BUMIJO', '55', 3),
(3808, '6eAXJuj80IcznD23LTgaVd9PEFUx5Y', 'r68DY4aMy5kJgpbi1nPTWRw0lfQqGe', 'BUMIJO', '48', 2),
(3809, '6eAXJuj80IcznD23LTgaVd9PEFUx5Y', 'SEUWhdosXu6c09KRQBGmTi2Nqrxv4P', 'BUMIJO', '20', 1),
(3810, '6eAXJuj80IcznD23LTgaVd9PEFUx5Y', 'ULZMXKSawfq2lY4CG0Rne7OuIV3tNx', 'BUMIJO', '47', 2),
(3811, '6eAXJuj80IcznD23LTgaVd9PEFUx5Y', 'YIDFrNulzd043eJZmwcna7WgOGvxbs', 'BUMIJO', '20', 1),
(3812, '6eAXJuj80IcznD23LTgaVd9PEFUx5Y', '2ldMsXv1DkpINKFzBSqJah8RUyfLic', 'GOWONGAN', '57', 3),
(3813, '6eAXJuj80IcznD23LTgaVd9PEFUx5Y', '6LXS4oIPjrCOHvdcgMzumb1A2wVW0e', 'GOWONGAN', '66', 3),
(3814, '6eAXJuj80IcznD23LTgaVd9PEFUx5Y', 'BOH3lE49JYUhd5c0M2QVfTFnopwmyC', 'GOWONGAN', '39', 2),
(3815, '6eAXJuj80IcznD23LTgaVd9PEFUx5Y', 'eaVPrd1YNtlS0soEATZ5vqUhRCcXB6', 'GOWONGAN', '35', 2),
(3816, '6eAXJuj80IcznD23LTgaVd9PEFUx5Y', 'jgwWhExXLSmOrKzvaIb3Mlqc9P5C8n', 'GOWONGAN', '67', 3),
(3817, '6eAXJuj80IcznD23LTgaVd9PEFUx5Y', 'mJP9ZlG7uYEHjbgWc8DKz54SQI0Lhe', 'GOWONGAN', '51', 3),
(3818, '6eAXJuj80IcznD23LTgaVd9PEFUx5Y', 'nLVE7svBORwYbuXlP4oxeg9UKZi63Q', 'GOWONGAN', '30', 1),
(3819, '6eAXJuj80IcznD23LTgaVd9PEFUx5Y', 'PicvwOlFRWmIJUqjyNTeXQKt8H1bnV', 'GOWONGAN', '42', 2),
(3820, '6eAXJuj80IcznD23LTgaVd9PEFUx5Y', 'qcB2ZM7iQb95pK1W8PtUavCnfGwsLo', 'GOWONGAN', '22', 1),
(3821, '6eAXJuj80IcznD23LTgaVd9PEFUx5Y', 'sxckn9qSgCDoM0dXHL8AiWth7b2wY3', 'GOWONGAN', '33', 1),
(3822, '6eAXJuj80IcznD23LTgaVd9PEFUx5Y', '6gchWMlJ3zLDaFrAoeOEC5YnUpV0m9', 'COKRODININGRATAN', '69', 3),
(3823, '6eAXJuj80IcznD23LTgaVd9PEFUx5Y', 'diw4mLej9OzylWahGtIFHBSKA7VU8E', 'COKRODININGRATAN', '65', 3),
(3824, '6eAXJuj80IcznD23LTgaVd9PEFUx5Y', 'DWxH7eCwG1njqA5NX0Uo8ZSs6BalVp', 'COKRODININGRATAN', '42', 2),
(3825, '6eAXJuj80IcznD23LTgaVd9PEFUx5Y', 'dXLo1qx4wCZeW90nOhGHiMyIjNVFpA', 'COKRODININGRATAN', '35', 2),
(3826, '6eAXJuj80IcznD23LTgaVd9PEFUx5Y', 'Hu5TgW06eFD3GkhbLfZUYOSrdzPpRC', 'COKRODININGRATAN', '40', 2),
(3827, '6eAXJuj80IcznD23LTgaVd9PEFUx5Y', 'lWFYX3cP2nL8jURwSaEA1BCTu5V9hM', 'COKRODININGRATAN', '41', 2),
(3828, '6eAXJuj80IcznD23LTgaVd9PEFUx5Y', 'ml5rg9I8DZUPoEexz4VkJNC3piwLRv', 'COKRODININGRATAN', '34', 1),
(3829, '6eAXJuj80IcznD23LTgaVd9PEFUx5Y', 'w8sUOX0VET6JrfeI9QqKhnbBvWa4HY', 'COKRODININGRATAN', '58', 3),
(3830, '6eAXJuj80IcznD23LTgaVd9PEFUx5Y', 'wXlPBhDKeYGskZQ56mc01x9bUIaoRj', 'COKRODININGRATAN', '23', 1),
(3831, '6eAXJuj80IcznD23LTgaVd9PEFUx5Y', 'XcfPGVhruDI9gpm0Co1YeNy2aMqQjF', 'COKRODININGRATAN', '28', 1),
(3832, '6eAXJuj80IcznD23LTgaVd9PEFUx5Y', '248XJH95okPW71lUKnYxtrguFei3w0', 'TEGALREJO', '32', 1),
(3833, '6eAXJuj80IcznD23LTgaVd9PEFUx5Y', '25CdTf1xLzJRQkcDvjAt3SgoUlp8WO', 'TEGALREJO', '22', 1),
(3834, '6eAXJuj80IcznD23LTgaVd9PEFUx5Y', 'bRnfFITJG9QSDlcZ0H4vdoM3yarpkP', 'TEGALREJO', '28', 1),
(3835, '6eAXJuj80IcznD23LTgaVd9PEFUx5Y', 'jDENR9BcTQ3aidPOYVZ8hbU2uHvGLK', 'TEGALREJO', '20', 1),
(3836, '6eAXJuj80IcznD23LTgaVd9PEFUx5Y', 'PlVvwKakdZpFyCMIRDuBbgSfUq2Yoe', 'TEGALREJO', '37', 2),
(3837, '6eAXJuj80IcznD23LTgaVd9PEFUx5Y', 'rDzBxwqF9NRyt1TPeWIfu2Z3UaGj68', 'TEGALREJO', '31', 1),
(3838, '6eAXJuj80IcznD23LTgaVd9PEFUx5Y', 'RiIqSrmVuZ5nla0po9AzUv8DPNWfxL', 'TEGALREJO', '39', 2),
(3839, '6eAXJuj80IcznD23LTgaVd9PEFUx5Y', 'v3GM25AoOmVugJDy4YjNTkPnECIfe9', 'TEGALREJO', '21', 1),
(3840, '6eAXJuj80IcznD23LTgaVd9PEFUx5Y', 'VxBwEurzlYUk0DnHytmqoaLAO5F4JG', 'TEGALREJO', '47', 2),
(3841, '6eAXJuj80IcznD23LTgaVd9PEFUx5Y', 'zuSxb5NZcQ2JOlengyp4AYtwK9Pfo7', 'TEGALREJO', '42', 2),
(3842, '6eAXJuj80IcznD23LTgaVd9PEFUx5Y', '0Uf7PbhmDpZlA2wkYEBt8LvTHQ9MIn', 'KRICAK', '69', 3),
(3843, '6eAXJuj80IcznD23LTgaVd9PEFUx5Y', '1wK0ekjfO74IxEo3BrQmuTzyHGYR6S', 'KRICAK', '23', 1),
(3844, '6eAXJuj80IcznD23LTgaVd9PEFUx5Y', '6lRo3HFAJwYKVsaLCgry0Nq7u4Pkhf', 'KRICAK', '33', 1),
(3845, '6eAXJuj80IcznD23LTgaVd9PEFUx5Y', '74ScsQUMIwA56pOZT8qzdenrLBVKul', 'KRICAK', '89', 3),
(3846, '6eAXJuj80IcznD23LTgaVd9PEFUx5Y', 'E6g2LfSu3JQavlDxVZCp1dYmKkO5Gr', 'KRICAK', '39', 2),
(3847, '6eAXJuj80IcznD23LTgaVd9PEFUx5Y', 'JgKr14VtOswCi2D68cnouSqmlGZPIh', 'KRICAK', '32', 1),
(3848, '6eAXJuj80IcznD23LTgaVd9PEFUx5Y', 'mVHChLWBUfQSvGt0sdKqbR9pYOrxIX', 'KRICAK', '29', 1),
(3849, '6eAXJuj80IcznD23LTgaVd9PEFUx5Y', 'RymGNDsZgIAxV4XKoYUdb89Mfnk3lQ', 'KRICAK', '30', 1),
(3850, '6eAXJuj80IcznD23LTgaVd9PEFUx5Y', 'tvnZqflERgWhNpDkx3bs1UXOuFw2TK', 'KRICAK', '34', 1),
(3851, '6eAXJuj80IcznD23LTgaVd9PEFUx5Y', 'XsEKbDA2aZoLNHQOlPjugMkBJti1cm', 'KRICAK', '53', 2),
(3852, '6eAXJuj80IcznD23LTgaVd9PEFUx5Y', '2dn9Kya1xbmzMfpNrHDSPB7qlFOjie', 'KARANGWARU', '33', 1),
(3853, '6eAXJuj80IcznD23LTgaVd9PEFUx5Y', '6AlcbvmHswrXVq2KIxjfZhU7341TDi', 'KARANGWARU', '44', 2),
(3854, '6eAXJuj80IcznD23LTgaVd9PEFUx5Y', '7p40FWOBg8XQlxiAm3PEICeZtbKhyd', 'KARANGWARU', '51', 2),
(3855, '6eAXJuj80IcznD23LTgaVd9PEFUx5Y', 'kDz1dpcFgGmINhPQMWAo9xB6s0Uwnj', 'KARANGWARU', '37', 1),
(3856, '6eAXJuj80IcznD23LTgaVd9PEFUx5Y', 'miwtsYduPSUaOnGBRHFI2k30xrCXbD', 'KARANGWARU', '20', 1),
(3857, '6eAXJuj80IcznD23LTgaVd9PEFUx5Y', 'nSqzsE7ZjG1c5givNMJD46AoUdRkTC', 'KARANGWARU', '46', 2),
(3858, '6eAXJuj80IcznD23LTgaVd9PEFUx5Y', 'tHvTMIdq4BKQlsx3bzU5kLgJCREX69', 'KARANGWARU', '33', 1),
(3859, '6eAXJuj80IcznD23LTgaVd9PEFUx5Y', 'uHcaA6XDGYkVvJCT8Qgb1m2IUrxSdh', 'KARANGWARU', '79', 3),
(3860, '6eAXJuj80IcznD23LTgaVd9PEFUx5Y', 'VbojAIs64qH7hZcxvKMEdFiwGeUr5W', 'KARANGWARU', '38', 2),
(3861, '6eAXJuj80IcznD23LTgaVd9PEFUx5Y', 'zd3yQpPcDCnuJiXLO9GvBAr02Ywgaf', 'KARANGWARU', '52', 2),
(3862, 'gxDQLYJz5UnMh2i4jcC7TfmsdkKuA0', '8s2pFDKQ9hPb3OxXmB0gT4qHYZ5LMi', 'GEDONGKIWO', '43', 2),
(3863, 'gxDQLYJz5UnMh2i4jcC7TfmsdkKuA0', 'OSbtcgI5heErsoYuDd9CwTU0GmHf8F', 'GEDONGKIWO', '54', 3),
(3864, 'gxDQLYJz5UnMh2i4jcC7TfmsdkKuA0', 'S4KBDjlX2wTIcLamP8NAFgbv6tkJ0d', 'GEDONGKIWO', '40', 2),
(3865, 'gxDQLYJz5UnMh2i4jcC7TfmsdkKuA0', 'sucFiAWHJTB38L7G5dj0Z6IEtKeSRN', 'GEDONGKIWO', '30', 1),
(3866, 'gxDQLYJz5UnMh2i4jcC7TfmsdkKuA0', 'thdyikA4DJpaTFm7j35zNu2gMOLSRH', 'GEDONGKIWO', '30', 1),
(3867, 'gxDQLYJz5UnMh2i4jcC7TfmsdkKuA0', 'vLPySKiCqIYxf1dnQTXpmJ73eWRBal', 'GEDONGKIWO', '45', 2),
(3868, 'gxDQLYJz5UnMh2i4jcC7TfmsdkKuA0', 'WaIxPUKOrine1FvTsYCZhJEMAV08g5', 'GEDONGKIWO', '29', 1),
(3869, 'gxDQLYJz5UnMh2i4jcC7TfmsdkKuA0', 'Xp4ZyqAxHRU8DJFin0WE91bgrBhIjL', 'GEDONGKIWO', '49', 2),
(3870, 'gxDQLYJz5UnMh2i4jcC7TfmsdkKuA0', 'yDaN5itMToWrsGOIYuZFdxKEpjVC9H', 'GEDONGKIWO', '26', 1),
(3871, 'gxDQLYJz5UnMh2i4jcC7TfmsdkKuA0', 'z7mxnuKY6wCqtWLBjid2bvGghM5DSP', 'GEDONGKIWO', '31', 1),
(3872, 'gxDQLYJz5UnMh2i4jcC7TfmsdkKuA0', '8qTP6E0igOLyCm3Xnk5dZD7Fw9uQbs', 'SURYODININGRATAN', '20', 1),
(3873, 'gxDQLYJz5UnMh2i4jcC7TfmsdkKuA0', 'A3tKkjah1yD6s7JwZo2NWmxYFrPUI9', 'SURYODININGRATAN', '31', 2),
(3874, 'gxDQLYJz5UnMh2i4jcC7TfmsdkKuA0', 'A8D2tP9F4IKrBEb3OxfJ6iNLqM0loc', 'SURYODININGRATAN', '34', 2),
(3875, 'gxDQLYJz5UnMh2i4jcC7TfmsdkKuA0', 'aq58gFCAJVPUIMv3YuodHr1xhBK4j7', 'SURYODININGRATAN', '35', 2),
(3876, 'gxDQLYJz5UnMh2i4jcC7TfmsdkKuA0', 'aX1E0h4qerA6VjI3oHPxy2QY5sWvpR', 'SURYODININGRATAN', '21', 1),
(3877, 'gxDQLYJz5UnMh2i4jcC7TfmsdkKuA0', 'G8naxvqYB2uoCXP3UFJE7Oc5rKztAZ', 'SURYODININGRATAN', '21', 1),
(3878, 'gxDQLYJz5UnMh2i4jcC7TfmsdkKuA0', 'GCfbrX6PEqSl0FI5g9ap3dOv1hM2JU', 'SURYODININGRATAN', '55', 3),
(3879, 'gxDQLYJz5UnMh2i4jcC7TfmsdkKuA0', 'nv5VGhHwLocxIdaSClsJzrQpgt3WE8', 'SURYODININGRATAN', '49', 3),
(3880, 'gxDQLYJz5UnMh2i4jcC7TfmsdkKuA0', 'qSNcatbnRpovfPksOd6V9Fel1Q5JYE', 'SURYODININGRATAN', '42', 3),
(3881, 'gxDQLYJz5UnMh2i4jcC7TfmsdkKuA0', 'zRc6UkyfuAds70TSoemXnPabKhwW4V', 'SURYODININGRATAN', '38', 2),
(3882, 'gxDQLYJz5UnMh2i4jcC7TfmsdkKuA0', '3LcCS5ub7p1N8AZXWRJMrHQqs60Ywe', 'MANTRIJERON', '35', 1),
(3883, 'gxDQLYJz5UnMh2i4jcC7TfmsdkKuA0', 'fnwoX5EIbtlmksK1VyeDdxi7JUBp4v', 'MANTRIJERON', '72', 3),
(3884, 'gxDQLYJz5UnMh2i4jcC7TfmsdkKuA0', 'HCeWNkrwv4sSJXt0L13IpK9cA7nuMB', 'MANTRIJERON', '41', 2),
(3885, 'gxDQLYJz5UnMh2i4jcC7TfmsdkKuA0', 'OaVuCPpArTc4tN9gLHSY1x52vDqyRM', 'MANTRIJERON', '39', 2),
(3886, 'gxDQLYJz5UnMh2i4jcC7TfmsdkKuA0', 'RcsqxGEa17IOynzH3ZK5fwY6pkBhj0', 'MANTRIJERON', '60', 3),
(3887, 'gxDQLYJz5UnMh2i4jcC7TfmsdkKuA0', 'ROCUuJgESi8FpIX7dDYmGx5qH36yrL', 'MANTRIJERON', '34', 1),
(3888, 'gxDQLYJz5UnMh2i4jcC7TfmsdkKuA0', 'sglzwu9jMFCKUxic2dL8Bv3Pmo6VDE', 'MANTRIJERON', '59', 3),
(3889, 'gxDQLYJz5UnMh2i4jcC7TfmsdkKuA0', 'TpIQwX9knYKA5mGdZJfFos4y6zSal2', 'MANTRIJERON', '46', 2),
(3890, 'gxDQLYJz5UnMh2i4jcC7TfmsdkKuA0', 'VlJxdTph7iyF2AB53o8kjzLaGIYtON', 'MANTRIJERON', '48', 2),
(3891, 'gxDQLYJz5UnMh2i4jcC7TfmsdkKuA0', 'Y6PjDMLXgIzUmBy5p7KsaeZvotQk0u', 'MANTRIJERON', '48', 2),
(3892, 'gxDQLYJz5UnMh2i4jcC7TfmsdkKuA0', 'CviUPp8RNOHwaAlmF13tgjfWT96zhJ', 'PATEHAN', '61', 3),
(3893, 'gxDQLYJz5UnMh2i4jcC7TfmsdkKuA0', 'fGaHKl5ANLORQTmrwn2UMz9pVc1EhD', 'PATEHAN', '35', 1),
(3894, 'gxDQLYJz5UnMh2i4jcC7TfmsdkKuA0', 'FN1s3UIjmzYgHxaDkiBdECq9K0Wbw7', 'PATEHAN', '48', 2),
(3895, 'gxDQLYJz5UnMh2i4jcC7TfmsdkKuA0', 'gf1HWmwQCUvIDJPxbrR4K8AcpGyMki', 'PATEHAN', '34', 1),
(3896, 'gxDQLYJz5UnMh2i4jcC7TfmsdkKuA0', 'HvC30Sb4Zhxsty5wojXYiWrnPLfIKQ', 'PATEHAN', '34', 1),
(3897, 'gxDQLYJz5UnMh2i4jcC7TfmsdkKuA0', 'MsBZJVxpPtv4ARYWH2GQNDmXzlgO8e', 'PATEHAN', '32', 1),
(3898, 'gxDQLYJz5UnMh2i4jcC7TfmsdkKuA0', 'QU8SwvaWAD1VrnjHlTb2iERK0XsJhO', 'PATEHAN', '26', 1),
(3899, 'gxDQLYJz5UnMh2i4jcC7TfmsdkKuA0', 'STEQbedXcMs4HNz8CZliKfBAU6IF2o', 'PATEHAN', '63', 3),
(3900, 'gxDQLYJz5UnMh2i4jcC7TfmsdkKuA0', 'TlsNfO6Fz05eBCUp8wI9EGZrMKJ2QX', 'PATEHAN', '37', 1),
(3901, 'gxDQLYJz5UnMh2i4jcC7TfmsdkKuA0', 'y8jUIDhtSu3z4HaOv9nfi21gq5XxZl', 'PATEHAN', '30', 1),
(3902, 'gxDQLYJz5UnMh2i4jcC7TfmsdkKuA0', '1qzmiToKpauyg3x70NI9vO4FelAUPE', 'PANEMBAHAN', '47', 3),
(3903, 'gxDQLYJz5UnMh2i4jcC7TfmsdkKuA0', '4jGwXuzkENCJyY0B6WQxb8Ipo7HSFh', 'PANEMBAHAN', '31', 2),
(3904, 'gxDQLYJz5UnMh2i4jcC7TfmsdkKuA0', 'bLfisPUHGgEuCmce6kZj91zSnO84lw', 'PANEMBAHAN', '44', 3),
(3905, 'gxDQLYJz5UnMh2i4jcC7TfmsdkKuA0', 'EDL8PuqJKfgCMF1R0Nr7IzcWxZ2wsO', 'PANEMBAHAN', '20', 1),
(3906, 'gxDQLYJz5UnMh2i4jcC7TfmsdkKuA0', 'JeAiq04yufpgn2vjOI9LPl7SQRTd68', 'PANEMBAHAN', '51', 3),
(3907, 'gxDQLYJz5UnMh2i4jcC7TfmsdkKuA0', 'lzVM1b6Jf2pCQ87DO9KwjFYPhmGxyk', 'PANEMBAHAN', '26', 1),
(3908, 'gxDQLYJz5UnMh2i4jcC7TfmsdkKuA0', 'MFd4xlsa90Nuc5v2rXi3YzITHfm6hR', 'PANEMBAHAN', '46', 3),
(3909, 'gxDQLYJz5UnMh2i4jcC7TfmsdkKuA0', 'my1fxnBMOXesDJ2rpo6TYbdiCNuRQ5', 'PANEMBAHAN', '20', 1),
(3910, 'gxDQLYJz5UnMh2i4jcC7TfmsdkKuA0', 'T185aC3PsqfiHb2DMrXxSEkZv4ldLN', 'PANEMBAHAN', '59', 3),
(3911, 'gxDQLYJz5UnMh2i4jcC7TfmsdkKuA0', 'ZAO9S6vsQ4KJcdPlBHNziufhrYCEjI', 'PANEMBAHAN', '28', 1),
(3912, 'gxDQLYJz5UnMh2i4jcC7TfmsdkKuA0', '2wKXtruzpxqWoCsf5MJaLTceiBENgb', 'KADIPATEN', '41', 2),
(3913, 'gxDQLYJz5UnMh2i4jcC7TfmsdkKuA0', '7neSTJdqLrYxRumf53t8UAXbcGKNO2', 'KADIPATEN', '25', 1),
(3914, 'gxDQLYJz5UnMh2i4jcC7TfmsdkKuA0', 'DX5L1Ez0mI27pnUkQOiyhBZGa94SYr', 'KADIPATEN', '34', 1),
(3915, 'gxDQLYJz5UnMh2i4jcC7TfmsdkKuA0', 'JdUmpW0RaIzAKXi7yl3ZrNOMYV2Twn', 'KADIPATEN', '26', 1),
(3916, 'gxDQLYJz5UnMh2i4jcC7TfmsdkKuA0', 'k8UHm4rDwhcG10ogejXPSYsBM9tF3y', 'KADIPATEN', '62', 3),
(3917, 'gxDQLYJz5UnMh2i4jcC7TfmsdkKuA0', 'KOuoNgXeGFpwmv9xV4iraYzCIsbDUn', 'KADIPATEN', '42', 2),
(3918, 'gxDQLYJz5UnMh2i4jcC7TfmsdkKuA0', 'PD7bAJvMcQW0kZs86El4uYSNiKH1Ct', 'KADIPATEN', '34', 1),
(3919, 'gxDQLYJz5UnMh2i4jcC7TfmsdkKuA0', 'UgXy0kNmRWulPS43GEJwOYfaDcnhKo', 'KADIPATEN', '26', 1),
(3920, 'gxDQLYJz5UnMh2i4jcC7TfmsdkKuA0', 'XHsQlWqd5a3zr4wjtpUbLB098gAfoN', 'KADIPATEN', '30', 1),
(3921, 'gxDQLYJz5UnMh2i4jcC7TfmsdkKuA0', 'yp0Cd4LWEzab8lITuG5g3XAiPvQ6N7', 'KADIPATEN', '30', 1),
(3922, 'gxDQLYJz5UnMh2i4jcC7TfmsdkKuA0', '5ngFOTo2zYJmrcSMDtL7ibGu8jfXKZ', 'BRONTOKUSUMAN', '58', 3),
(3923, 'gxDQLYJz5UnMh2i4jcC7TfmsdkKuA0', '869GYn3gcJRaNIHTjiD7OqdforkMp5', 'BRONTOKUSUMAN', '78', 3),
(3924, 'gxDQLYJz5UnMh2i4jcC7TfmsdkKuA0', '8gXcTWf0m12nBtJNsIoFAH9MZ54wRE', 'BRONTOKUSUMAN', '54', 3),
(3925, 'gxDQLYJz5UnMh2i4jcC7TfmsdkKuA0', 'EMH4qr7fjwm0QJOchtdaBIV8nZ1l2K', 'BRONTOKUSUMAN', '63', 3),
(3926, 'gxDQLYJz5UnMh2i4jcC7TfmsdkKuA0', 'HlVmstAzgKaPLGq6F0CkwSODZdf1I7', 'BRONTOKUSUMAN', '54', 3),
(3927, 'gxDQLYJz5UnMh2i4jcC7TfmsdkKuA0', 'lOGSNQxo16DHb98tq0hCUZpXawIjW2', 'BRONTOKUSUMAN', '37', 2),
(3928, 'gxDQLYJz5UnMh2i4jcC7TfmsdkKuA0', 'mTaGq0Z3XjhNvxCoScEiwBUnMg7J9F', 'BRONTOKUSUMAN', '30', 1),
(3929, 'gxDQLYJz5UnMh2i4jcC7TfmsdkKuA0', 'pLYkxo6uHNrbZOyJBafw2VsKhqGD8i', 'BRONTOKUSUMAN', '57', 3),
(3930, 'gxDQLYJz5UnMh2i4jcC7TfmsdkKuA0', 'Qpx6vKfA4OWRcP8Ub1GBZNYFLqXgmz', 'BRONTOKUSUMAN', '29', 1),
(3931, 'gxDQLYJz5UnMh2i4jcC7TfmsdkKuA0', 'uvDpPKJzf5ZQlEmgrMReABqab3iShH', 'BRONTOKUSUMAN', '30', 1),
(3932, 'gxDQLYJz5UnMh2i4jcC7TfmsdkKuA0', '2yUdtKbLNaquCGFl7Jx4sVweohZvz6', 'KEPARAKAN', '65', 3),
(3933, 'gxDQLYJz5UnMh2i4jcC7TfmsdkKuA0', '7Z31d28Jtak09izR4IjbMBpYw6GNcT', 'KEPARAKAN', '43', 2),
(3934, 'gxDQLYJz5UnMh2i4jcC7TfmsdkKuA0', 'ApYNP4oSG5Thr7gqBkwQ1uamieydcv', 'KEPARAKAN', '44', 2),
(3935, 'gxDQLYJz5UnMh2i4jcC7TfmsdkKuA0', 'CEmkGKIHslaSWw1iL7TZydM2uecXDR', 'KEPARAKAN', '25', 1),
(3936, 'gxDQLYJz5UnMh2i4jcC7TfmsdkKuA0', 'CGLADW8x7rjYugKBNdlvUViZhO6cRs', 'KEPARAKAN', '65', 3),
(3937, 'gxDQLYJz5UnMh2i4jcC7TfmsdkKuA0', 'fadxu1esUW6B5YLrgiOFEj4bvwPM2c', 'KEPARAKAN', '52', 2),
(3938, 'gxDQLYJz5UnMh2i4jcC7TfmsdkKuA0', 'GPlRjnfpmroNMs5F4VJ1U0yiKcEgbq', 'KEPARAKAN', '47', 2),
(3939, 'gxDQLYJz5UnMh2i4jcC7TfmsdkKuA0', 'jp81KbY6tUTwSPeFvshdRfJ5zV9XD2', 'KEPARAKAN', '29', 1),
(3940, 'gxDQLYJz5UnMh2i4jcC7TfmsdkKuA0', 'O2Q1jq8zkG5rvfUyXgxlRCId0aHm79', 'KEPARAKAN', '29', 1),
(3941, 'gxDQLYJz5UnMh2i4jcC7TfmsdkKuA0', 'SCnAhobPga1OkjRN7DuvdqQsLmYpfe', 'KEPARAKAN', '23', 1),
(3942, 'gxDQLYJz5UnMh2i4jcC7TfmsdkKuA0', 'd7843Ghf19REFYQCZjsBcxbkMTrDoa', 'WIROGUNAN', '50', 2),
(3943, 'gxDQLYJz5UnMh2i4jcC7TfmsdkKuA0', 'JWRtT4rjmOCFIXaHDiuU2klephPwsN', 'WIROGUNAN', '63', 3),
(3944, 'gxDQLYJz5UnMh2i4jcC7TfmsdkKuA0', 'LjiE8QXfIK7gUcpAbFs5rmDwV96RoZ', 'WIROGUNAN', '59', 3),
(3945, 'gxDQLYJz5UnMh2i4jcC7TfmsdkKuA0', 'NYdTDuJ1Ghn3zWw6qZsQ9R8rmkg5MC', 'WIROGUNAN', '63', 3),
(3946, 'gxDQLYJz5UnMh2i4jcC7TfmsdkKuA0', 'q1GiUAElo30PTjNY2IXfQ9Cg8VRb6K', 'WIROGUNAN', '25', 1),
(3947, 'gxDQLYJz5UnMh2i4jcC7TfmsdkKuA0', 'Qh05ianvp9SUVFOPNd4tbmDfyW61kR', 'WIROGUNAN', '65', 3);
INSERT INTO `tbl_clustering_detail` (`id_clustering_detail`, `id_clustering`, `id_pemilih`, `kelurahan_pemilih`, `umur_pemilih`, `jenis_cluster`) VALUES
(3948, 'gxDQLYJz5UnMh2i4jcC7TfmsdkKuA0', 'QrsuIKcLUaShnWMOeqoC49b5lv0XpR', 'WIROGUNAN', '28', 1),
(3949, 'gxDQLYJz5UnMh2i4jcC7TfmsdkKuA0', 'slXRHVOeru3MiEdZzQqo6pCNxb5Fam', 'WIROGUNAN', '36', 1),
(3950, 'gxDQLYJz5UnMh2i4jcC7TfmsdkKuA0', 'u5vQHFaei1xM7Xqn80CGKko6cBN4It', 'WIROGUNAN', '57', 3),
(3951, 'gxDQLYJz5UnMh2i4jcC7TfmsdkKuA0', 'Z3GIj1v7DWHYmc8EkihORPsbepBfn2', 'WIROGUNAN', '40', 2),
(3952, 'gxDQLYJz5UnMh2i4jcC7TfmsdkKuA0', '5H7ImtAsioY8w9OLgCFjDKhMRUyPSX', 'GIWANGAN', '20', 1),
(3953, 'gxDQLYJz5UnMh2i4jcC7TfmsdkKuA0', '5YSaNKfXxgOpTGItkhnLimovq49Hlb', 'GIWANGAN', '22', 1),
(3954, 'gxDQLYJz5UnMh2i4jcC7TfmsdkKuA0', 'dJxzGWNhmbqZPHIXjV6Tta1kACSwYy', 'GIWANGAN', '25', 1),
(3955, 'gxDQLYJz5UnMh2i4jcC7TfmsdkKuA0', 'fteTc1K57u6nq9S3HxBiFd8NJOaCmV', 'GIWANGAN', '49', 2),
(3956, 'gxDQLYJz5UnMh2i4jcC7TfmsdkKuA0', 'iGrte1LdRKWQ0ZO6Xow7mNVn5y2AMC', 'GIWANGAN', '30', 1),
(3957, 'gxDQLYJz5UnMh2i4jcC7TfmsdkKuA0', 'iZCwKFA7dxN5H8nvsB4uy6GPtYglTm', 'GIWANGAN', '28', 1),
(3958, 'gxDQLYJz5UnMh2i4jcC7TfmsdkKuA0', 'K4Jix9QPu20LAU7WkyXzYFbsrV8Ect', 'GIWANGAN', '20', 1),
(3959, 'gxDQLYJz5UnMh2i4jcC7TfmsdkKuA0', 'saRdUvV4109iewoxy3TLF5fEPA7Mtq', 'GIWANGAN', '20', 1),
(3960, 'gxDQLYJz5UnMh2i4jcC7TfmsdkKuA0', 'smndupMtvSYQxhgZeylcRF15kCfbqI', 'GIWANGAN', '20', 1),
(3961, 'gxDQLYJz5UnMh2i4jcC7TfmsdkKuA0', 'sxIwvE4VMgNKSZLiDBn3JGzmeWu68Q', 'GIWANGAN', '20', 1),
(3962, 'gxDQLYJz5UnMh2i4jcC7TfmsdkKuA0', 'Dk2gs7OWjl8GqxMh0omnRtVKzFue49', 'SOROSUTAN', '32', 1),
(3963, 'gxDQLYJz5UnMh2i4jcC7TfmsdkKuA0', 'dLznbKRVWq5tP08siZ9rMDTQI1JoHp', 'SOROSUTAN', '56', 3),
(3964, 'gxDQLYJz5UnMh2i4jcC7TfmsdkKuA0', 'FPuAK9XxLhs0EytSGziWV8IUZ1bYoT', 'SOROSUTAN', '42', 2),
(3965, 'gxDQLYJz5UnMh2i4jcC7TfmsdkKuA0', 'fUqZV3Xcke7ySlGDI2QW1mTatNgPYx', 'SOROSUTAN', '73', 3),
(3966, 'gxDQLYJz5UnMh2i4jcC7TfmsdkKuA0', 'gpcWIw2uF5j7r0eBHEh6GnXxCkVPtO', 'SOROSUTAN', '47', 2),
(3967, 'gxDQLYJz5UnMh2i4jcC7TfmsdkKuA0', 'jaB4Y6mbwFUuSA29H0P3IOQXRhpEcM', 'SOROSUTAN', '38', 2),
(3968, 'gxDQLYJz5UnMh2i4jcC7TfmsdkKuA0', 'mZc0b4v5HMpaByIX3dVYikLgKn2stO', 'SOROSUTAN', '38', 2),
(3969, 'gxDQLYJz5UnMh2i4jcC7TfmsdkKuA0', 'NaBYPnzw9lULCkMGvseTIQ6xqgpWyD', 'SOROSUTAN', '29', 1),
(3970, 'gxDQLYJz5UnMh2i4jcC7TfmsdkKuA0', 'uhU71mbPlH5St8MAVczBJo9YeNknWj', 'SOROSUTAN', '50', 2),
(3971, 'gxDQLYJz5UnMh2i4jcC7TfmsdkKuA0', 'WCNRHsfEzIMAdaBXZrw6jtl12q5LY8', 'SOROSUTAN', '22', 1),
(3972, 'gxDQLYJz5UnMh2i4jcC7TfmsdkKuA0', '2I1FCa04nAs9MfSDLtQEXqu83izp5w', 'PANDEYAN', '20', 1),
(3973, 'gxDQLYJz5UnMh2i4jcC7TfmsdkKuA0', '5YZlhzP8kUoKa326BjvxmLw0eJHSQd', 'PANDEYAN', '60', 3),
(3974, 'gxDQLYJz5UnMh2i4jcC7TfmsdkKuA0', 'bGgPyV7LE8mJdR5Kafxuq94AW6HpTC', 'PANDEYAN', '20', 1),
(3975, 'gxDQLYJz5UnMh2i4jcC7TfmsdkKuA0', 'bQmEU987Hc3SuY0Js6yq4DMpIdhLfK', 'PANDEYAN', '21', 1),
(3976, 'gxDQLYJz5UnMh2i4jcC7TfmsdkKuA0', 'FMR4js09dmTH3YarnIwhoVu68cB1Zb', 'PANDEYAN', '21', 1),
(3977, 'gxDQLYJz5UnMh2i4jcC7TfmsdkKuA0', 'GeymdT8NsSawvu4fiJDQZcBtM1pUOC', 'PANDEYAN', '20', 1),
(3978, 'gxDQLYJz5UnMh2i4jcC7TfmsdkKuA0', 'JZQfa3ilqOum2oBpXwzcDHjxgr4yS7', 'PANDEYAN', '20', 1),
(3979, 'gxDQLYJz5UnMh2i4jcC7TfmsdkKuA0', 'rHxe43JOKsaGvy8n9fE7cXwNDzQICM', 'PANDEYAN', '20', 1),
(3980, 'gxDQLYJz5UnMh2i4jcC7TfmsdkKuA0', 'rT4zMUQcXFlGHO7s91umJ3nKa2SEgh', 'PANDEYAN', '20', 1),
(3981, 'gxDQLYJz5UnMh2i4jcC7TfmsdkKuA0', 'tLpJnW4GlmuqQyIF1gDf9ESNvKjoTC', 'PANDEYAN', '53', 3),
(3982, 'gxDQLYJz5UnMh2i4jcC7TfmsdkKuA0', '6RAuTfoC9kDsg1YxJFEhSL2re4w3dI', 'WARUNGBOTO', '31', 1),
(3983, 'gxDQLYJz5UnMh2i4jcC7TfmsdkKuA0', 'AT0lpPU18fLjuRrVgZJ9m7MtQzd5N3', 'WARUNGBOTO', '39', 2),
(3984, 'gxDQLYJz5UnMh2i4jcC7TfmsdkKuA0', 'AvS3U4eKFNTZsa2cQM6bVzhqPLrHil', 'WARUNGBOTO', '26', 1),
(3985, 'gxDQLYJz5UnMh2i4jcC7TfmsdkKuA0', 'Gdbm1pDoqjM93cHJ4lt5UXruZhYNIS', 'WARUNGBOTO', '30', 1),
(3986, 'gxDQLYJz5UnMh2i4jcC7TfmsdkKuA0', 'GkBqphDSwtmCAZT1RPLHzf9Q627WME', 'WARUNGBOTO', '30', 1),
(3987, 'gxDQLYJz5UnMh2i4jcC7TfmsdkKuA0', 'hK8TeCx5wDqJiPWm3apS4sNjFOncgL', 'WARUNGBOTO', '58', 3),
(3988, 'gxDQLYJz5UnMh2i4jcC7TfmsdkKuA0', 'ILHwJxitsfcVzB4F3OA60vQPXW7Rrm', 'WARUNGBOTO', '57', 3),
(3989, 'gxDQLYJz5UnMh2i4jcC7TfmsdkKuA0', 'KP6e3AB5WfCFwdxOSchrXIkvHGQtnL', 'WARUNGBOTO', '65', 3),
(3990, 'gxDQLYJz5UnMh2i4jcC7TfmsdkKuA0', 'uZRLWV1UzDfGA3JtPoO4l6rbQakpv9', 'WARUNGBOTO', '46', 2),
(3991, 'gxDQLYJz5UnMh2i4jcC7TfmsdkKuA0', 'vHVjBo09kZgyzSF5xuOYedrWM1lhp2', 'WARUNGBOTO', '44', 2),
(3992, 'gxDQLYJz5UnMh2i4jcC7TfmsdkKuA0', 'A1WC3tDKu2xjqZBHPyIiwY0XaNV9fM', 'TAHUNAN', '42', 2),
(3993, 'gxDQLYJz5UnMh2i4jcC7TfmsdkKuA0', 'BFedMIkGxV3UOcmyoL715agEPtNv09', 'TAHUNAN', '44', 2),
(3994, 'gxDQLYJz5UnMh2i4jcC7TfmsdkKuA0', 'BWS26GUPgXF7Ch9KJiAOpmdbQVysjv', 'TAHUNAN', '35', 2),
(3995, 'gxDQLYJz5UnMh2i4jcC7TfmsdkKuA0', 'HTZgBk0NCJELs6djluXF8RAotyYK4z', 'TAHUNAN', '58', 3),
(3996, 'gxDQLYJz5UnMh2i4jcC7TfmsdkKuA0', 'PkdD9B2V6lR8SvQUFzNOg5ZwYLAqho', 'TAHUNAN', '37', 2),
(3997, 'gxDQLYJz5UnMh2i4jcC7TfmsdkKuA0', 'q1pLDo70TR2alv9mZUzsH8de6jWxMK', 'TAHUNAN', '70', 3),
(3998, 'gxDQLYJz5UnMh2i4jcC7TfmsdkKuA0', 'q4cskxjNU5GLuBIflQo8R6HShXteJv', 'TAHUNAN', '57', 3),
(3999, 'gxDQLYJz5UnMh2i4jcC7TfmsdkKuA0', 'sWu8DnNg3OajC7eJ65ZtEGLzq0c2pi', 'TAHUNAN', '20', 1),
(4000, 'gxDQLYJz5UnMh2i4jcC7TfmsdkKuA0', 'ToaFjzbxO30IrNmBDLWMfPR6veQyUd', 'TAHUNAN', '51', 3),
(4001, 'gxDQLYJz5UnMh2i4jcC7TfmsdkKuA0', 'VquY4GBDhdpSMJbWEKtwP7IQU8v1XZ', 'TAHUNAN', '50', 2),
(4002, 'gxDQLYJz5UnMh2i4jcC7TfmsdkKuA0', '0puLxF2CvNDO19SeJXHzi56U8P43yV', 'MUJAMUJU', '53', 3),
(4003, 'gxDQLYJz5UnMh2i4jcC7TfmsdkKuA0', '0XBJRH9jb6DhyPSNMZYUa8Wqifug7t', 'MUJAMUJU', '67', 3),
(4004, 'gxDQLYJz5UnMh2i4jcC7TfmsdkKuA0', 'DeUjISR7Vfl62OPsMXBFEhug89w5nc', 'MUJAMUJU', '27', 1),
(4005, 'gxDQLYJz5UnMh2i4jcC7TfmsdkKuA0', 'IDoNzfmgtbpyu8LE2kAvRMFsjdQJCY', 'MUJAMUJU', '55', 3),
(4006, 'gxDQLYJz5UnMh2i4jcC7TfmsdkKuA0', 'p1C6sxMG85YHvwOBQhni3R0tu9DPqT', 'MUJAMUJU', '41', 2),
(4007, 'gxDQLYJz5UnMh2i4jcC7TfmsdkKuA0', 'QghFcL8aBniIEtlMzYeSXx1s0Pb2uN', 'MUJAMUJU', '24', 1),
(4008, 'gxDQLYJz5UnMh2i4jcC7TfmsdkKuA0', 'RCuNUoQle3crgdSbfi4Dsq7L0PYtZO', 'MUJAMUJU', '39', 2),
(4009, 'gxDQLYJz5UnMh2i4jcC7TfmsdkKuA0', 'VzM1Tc0uaENwkgSlUsQFXCx8YI9bq4', 'MUJAMUJU', '33', 1),
(4010, 'gxDQLYJz5UnMh2i4jcC7TfmsdkKuA0', 'WIli9Xds1mShgx4yNtpw0CjVkc3Yaz', 'MUJAMUJU', '42', 2),
(4011, 'gxDQLYJz5UnMh2i4jcC7TfmsdkKuA0', 'wxG3RUcnZ79yqJpTEPQBYbeDul8rFX', 'MUJAMUJU', '20', 1),
(4012, 'gxDQLYJz5UnMh2i4jcC7TfmsdkKuA0', 'bYVa0uFcn5UkX4AsqGwiDJp319QmoM', 'SEMAKI', '25', 1),
(4013, 'gxDQLYJz5UnMh2i4jcC7TfmsdkKuA0', 'CIAxVw2FUEpairbsZBnMmjXlHcL7h6', 'SEMAKI', '24', 1),
(4014, 'gxDQLYJz5UnMh2i4jcC7TfmsdkKuA0', 'cnj1F07O3xMazGRVBZPhYsE96AuCNw', 'SEMAKI', '59', 3),
(4015, 'gxDQLYJz5UnMh2i4jcC7TfmsdkKuA0', 'J5RhZpQW2xeiMFHmXu7q8YgKA0S9Tn', 'SEMAKI', '53', 3),
(4016, 'gxDQLYJz5UnMh2i4jcC7TfmsdkKuA0', 'L0Fb7mIdKowBykpe5TqQvuJcPjnUt9', 'SEMAKI', '33', 1),
(4017, 'gxDQLYJz5UnMh2i4jcC7TfmsdkKuA0', 'OD0519EMAwPnVmYRN4hbzv8q2efu6c', 'SEMAKI', '40', 2),
(4018, 'gxDQLYJz5UnMh2i4jcC7TfmsdkKuA0', 'oxt1aXdIYkb0cgF3GNsDJElfp8TB5r', 'SEMAKI', '32', 1),
(4019, 'gxDQLYJz5UnMh2i4jcC7TfmsdkKuA0', 'srNjMTVZYkcIGXdlmFEu3H9Pp7JzLQ', 'SEMAKI', '45', 2),
(4020, 'gxDQLYJz5UnMh2i4jcC7TfmsdkKuA0', 'TRrlE9ygPLXnif4UO2bwe1smtJpACS', 'SEMAKI', '68', 3),
(4021, 'gxDQLYJz5UnMh2i4jcC7TfmsdkKuA0', 'XlCzJEPwa2bV5T1qNK9LQG47ZhSg8D', 'SEMAKI', '54', 3),
(4022, 'gxDQLYJz5UnMh2i4jcC7TfmsdkKuA0', '8jMWYwlVrLxyGOh36ksCANE2bHpPBF', 'PRENGGAN', '26', 1),
(4023, 'gxDQLYJz5UnMh2i4jcC7TfmsdkKuA0', '8zorRgsPt1EByxITFcmd0q7VO6SUYj', 'PRENGGAN', '20', 1),
(4024, 'gxDQLYJz5UnMh2i4jcC7TfmsdkKuA0', '9uCDeLEjbZW84MRhysp6Gv1dcV20aT', 'PRENGGAN', '20', 1),
(4025, 'gxDQLYJz5UnMh2i4jcC7TfmsdkKuA0', 'bGeICmcw1SVEF2N3QopaXdAlh9ZYOf', 'PRENGGAN', '30', 1),
(4026, 'gxDQLYJz5UnMh2i4jcC7TfmsdkKuA0', 'DUNIgAhLnwmSiMorP72eOK46X5HzQa', 'PRENGGAN', '28', 1),
(4027, 'gxDQLYJz5UnMh2i4jcC7TfmsdkKuA0', 'IMkXHaL9slOJfVQ18WdcA7DSt4hNvq', 'PRENGGAN', '20', 1),
(4028, 'gxDQLYJz5UnMh2i4jcC7TfmsdkKuA0', 'jfJhwgxDWbkY2FSXKH6N804ao1ue9P', 'PRENGGAN', '43', 2),
(4029, 'gxDQLYJz5UnMh2i4jcC7TfmsdkKuA0', 'q4fcHJMYrQ0BTwobAOsn6aGLX9i5D1', 'PRENGGAN', '51', 3),
(4030, 'gxDQLYJz5UnMh2i4jcC7TfmsdkKuA0', 'U3nNtdaLXKOSQrETY1Fu6xGvHWMwzc', 'PRENGGAN', '30', 1),
(4031, 'gxDQLYJz5UnMh2i4jcC7TfmsdkKuA0', 'ZfeXG21D6NbMHUwTaB8lEOQdmyjrSI', 'PRENGGAN', '32', 1),
(4032, 'gxDQLYJz5UnMh2i4jcC7TfmsdkKuA0', '1KcCoT45vey0HXqWZs3PFdRkEmAl2r', 'PURBAYAN', '65', 3),
(4033, 'gxDQLYJz5UnMh2i4jcC7TfmsdkKuA0', '4365HMFV80pGxEYfi9uwghnqeQDUmv', 'PURBAYAN', '25', 1),
(4034, 'gxDQLYJz5UnMh2i4jcC7TfmsdkKuA0', 'ArbimtwI0f48zqUkYyj5FGnlCKWTvp', 'PURBAYAN', '28', 1),
(4035, 'gxDQLYJz5UnMh2i4jcC7TfmsdkKuA0', 'DXdskCQguyqhIJzMntZ1E0BGiamNAb', 'PURBAYAN', '24', 1),
(4036, 'gxDQLYJz5UnMh2i4jcC7TfmsdkKuA0', 'ESN7ZHXlVG6FAuIKJwcz8M4BfxQio5', 'PURBAYAN', '22', 1),
(4037, 'gxDQLYJz5UnMh2i4jcC7TfmsdkKuA0', 'JaUkd7eLCoYO4EwbfZPuS8qx9glA2H', 'PURBAYAN', '52', 3),
(4038, 'gxDQLYJz5UnMh2i4jcC7TfmsdkKuA0', 'KF2g3MTjvuxAzHLwOVfCD1nNXblsRE', 'PURBAYAN', '45', 2),
(4039, 'gxDQLYJz5UnMh2i4jcC7TfmsdkKuA0', 'oO1r3IvQz75RdbPuwCY4lcZ06SGF29', 'PURBAYAN', '58', 3),
(4040, 'gxDQLYJz5UnMh2i4jcC7TfmsdkKuA0', 's6DuRcmQGiehkvJrCHSAbpBIj9l8KL', 'PURBAYAN', '30', 1),
(4041, 'gxDQLYJz5UnMh2i4jcC7TfmsdkKuA0', 'WTzMXxUpK2i6f0hB8mnSPRENl4JuvH', 'PURBAYAN', '45', 2),
(4042, 'gxDQLYJz5UnMh2i4jcC7TfmsdkKuA0', '1JKdvHABoipQMbN2eDfkjyqg0TsS5c', 'REJOWINANGUN', '56', 3),
(4043, 'gxDQLYJz5UnMh2i4jcC7TfmsdkKuA0', '265NlACYU3Vp4XaTRhZFdkoEQ9nq10', 'REJOWINANGUN', '30', 1),
(4044, 'gxDQLYJz5UnMh2i4jcC7TfmsdkKuA0', '2i5V9DqxAJFhN6ecrSkXpdt7OWuRTg', 'REJOWINANGUN', '36', 2),
(4045, 'gxDQLYJz5UnMh2i4jcC7TfmsdkKuA0', '2VGWm3nvPwEsH8biFBCfp6kcQoLlYj', 'REJOWINANGUN', '23', 1),
(4046, 'gxDQLYJz5UnMh2i4jcC7TfmsdkKuA0', '3SqoAGTwRBjzuFrNO6nDJplPHU7M4Z', 'REJOWINANGUN', '48', 2),
(4047, 'gxDQLYJz5UnMh2i4jcC7TfmsdkKuA0', '4jiTKfJOVAErCaXInUmWYuLt8epDxR', 'REJOWINANGUN', '67', 3),
(4048, 'gxDQLYJz5UnMh2i4jcC7TfmsdkKuA0', 'heMx9abZJWiYkwpD7g1Qj3VqXnFzyN', 'REJOWINANGUN', '40', 2),
(4049, 'gxDQLYJz5UnMh2i4jcC7TfmsdkKuA0', 'njqVKsOoztuLAdT4vbc6my1I8Dhpw7', 'REJOWINANGUN', '34', 2),
(4050, 'gxDQLYJz5UnMh2i4jcC7TfmsdkKuA0', 'TKd62hXuzGImeHqwLMgt4BfS1lPJaC', 'REJOWINANGUN', '46', 2),
(4051, 'gxDQLYJz5UnMh2i4jcC7TfmsdkKuA0', 'W1tdKAa2k9FZl0zbpcOu6oy8GSHfDV', 'REJOWINANGUN', '24', 1),
(4052, 'gxDQLYJz5UnMh2i4jcC7TfmsdkKuA0', '5SO78h2aPkpWJq6uj9r4cmUMvFYidN', 'BACIRO', '56', 3),
(4053, 'gxDQLYJz5UnMh2i4jcC7TfmsdkKuA0', 'GwcRtkv06hbfYeTE8A2lPJMdBKDILx', 'BACIRO', '45', 2),
(4054, 'gxDQLYJz5UnMh2i4jcC7TfmsdkKuA0', 'HvsRPAMFw3X62tYV0nzdEi5LCcZhjW', 'BACIRO', '48', 2),
(4055, 'gxDQLYJz5UnMh2i4jcC7TfmsdkKuA0', 'JC9Rr6wN1dpD8PvXTQO5Uu7g2qGljx', 'BACIRO', '51', 3),
(4056, 'gxDQLYJz5UnMh2i4jcC7TfmsdkKuA0', 'lHA2rZGe4o78Dvz1IiXcQ9h6YC5ukU', 'BACIRO', '41', 2),
(4057, 'gxDQLYJz5UnMh2i4jcC7TfmsdkKuA0', 'lYUKNVmyvcn6DtjLubOJ4TfIgo8Bwq', 'BACIRO', '28', 1),
(4058, 'gxDQLYJz5UnMh2i4jcC7TfmsdkKuA0', 'M7zq1YE5QKp346BfVTloP8hxeXSO0k', 'BACIRO', '53', 3),
(4059, 'gxDQLYJz5UnMh2i4jcC7TfmsdkKuA0', 'McVAvyeY47id5qXEpOtChD0UbJFosS', 'BACIRO', '35', 2),
(4060, 'gxDQLYJz5UnMh2i4jcC7TfmsdkKuA0', 'ngOyNBTMcA8fmQJ5oClvxdVY7ZzIs1', 'BACIRO', '41', 2),
(4061, 'gxDQLYJz5UnMh2i4jcC7TfmsdkKuA0', 'QgiwEMGeTRmY5NzKjs86U9AfqDc1at', 'BACIRO', '34', 2),
(4062, 'gxDQLYJz5UnMh2i4jcC7TfmsdkKuA0', 'wOZExHmt3Aog1iWGbDnVLs598jYNdR', 'BACIRO', '34', 2),
(4063, 'gxDQLYJz5UnMh2i4jcC7TfmsdkKuA0', '1kgd7JuQLhyoO3ZVIiAUBsGtHwvMfq', 'DEMANGAN', '63', 3),
(4064, 'gxDQLYJz5UnMh2i4jcC7TfmsdkKuA0', '26XyksOu1AKNYTz0xpflQ4EFZHcWvC', 'DEMANGAN', '35', 2),
(4065, 'gxDQLYJz5UnMh2i4jcC7TfmsdkKuA0', 'bHxE5Vutwe86rYfXGLMkJT9hmQjZ0P', 'DEMANGAN', '38', 2),
(4066, 'gxDQLYJz5UnMh2i4jcC7TfmsdkKuA0', 'hei2k6aL4rgT07ojcWAb8QvYtORBKd', 'DEMANGAN', '58', 3),
(4067, 'gxDQLYJz5UnMh2i4jcC7TfmsdkKuA0', 'luIpixbgtRYJzQoawdMLVkG0hS5cFr', 'DEMANGAN', '32', 1),
(4068, 'gxDQLYJz5UnMh2i4jcC7TfmsdkKuA0', 'toaqCNO3VhpzYrmyQ9wAUWbgsLF6Df', 'DEMANGAN', '34', 2),
(4069, 'gxDQLYJz5UnMh2i4jcC7TfmsdkKuA0', 'ulayo7DP4YqhbM0dk5I2Tj6exrvLQW', 'DEMANGAN', '50', 2),
(4070, 'gxDQLYJz5UnMh2i4jcC7TfmsdkKuA0', 'w4tY5bKSjlBLcAoUQngOh2m390ysMC', 'DEMANGAN', '20', 1),
(4071, 'gxDQLYJz5UnMh2i4jcC7TfmsdkKuA0', 'ypGLqbCmVtAjd6iY2OgZBNIKXu4oW7', 'DEMANGAN', '28', 1),
(4072, 'gxDQLYJz5UnMh2i4jcC7TfmsdkKuA0', '6yl1WE8bmXY4GjHZkcAeTQ2ha5oLJS', 'KLITREN', '41', 2),
(4073, 'gxDQLYJz5UnMh2i4jcC7TfmsdkKuA0', 'bOxMoGkeT8ncCdQ7XVPWgrZIHzFpKS', 'KLITREN', '61', 3),
(4074, 'gxDQLYJz5UnMh2i4jcC7TfmsdkKuA0', 'GE8iKLVuTl5oRO3FC4HcygWZ2NSD0P', 'KLITREN', '50', 2),
(4075, 'gxDQLYJz5UnMh2i4jcC7TfmsdkKuA0', 'gTA5Eb4BRh6sLmH0dPwYljf2rOQeyc', 'KLITREN', '47', 2),
(4076, 'gxDQLYJz5UnMh2i4jcC7TfmsdkKuA0', 'iIDh3ASreL1GZETuQqgoHvJd94kb2W', 'KLITREN', '35', 2),
(4077, 'gxDQLYJz5UnMh2i4jcC7TfmsdkKuA0', 'L4NJGabo67EUjBicHYyhtZFd9WwpRA', 'KLITREN', '55', 3),
(4078, 'gxDQLYJz5UnMh2i4jcC7TfmsdkKuA0', 'SaprZs5RhbiNzyxcnVEC4MYAdftg29', 'KLITREN', '55', 3),
(4079, 'gxDQLYJz5UnMh2i4jcC7TfmsdkKuA0', 'WJHELwVvboacgpR20fhFTBPKx3yS8u', 'KLITREN', '39', 2),
(4080, 'gxDQLYJz5UnMh2i4jcC7TfmsdkKuA0', 'Xm8poWA0xzC1U3EtSgykb4LwVZNMs6', 'KLITREN', '48', 2),
(4081, 'gxDQLYJz5UnMh2i4jcC7TfmsdkKuA0', 'zn8OxKlEkycC72LaGwgsTHu3etNBWU', 'KLITREN', '34', 1),
(4082, 'gxDQLYJz5UnMh2i4jcC7TfmsdkKuA0', '54bA1ePOYSELouGW3vkDXnMKdtIfr7', 'KOTABARU', '53', 3),
(4083, 'gxDQLYJz5UnMh2i4jcC7TfmsdkKuA0', '7vy0eO62KcCzno8fTjMbVPRUZEBqQY', 'KOTABARU', '32', 1),
(4084, 'gxDQLYJz5UnMh2i4jcC7TfmsdkKuA0', 'DeL9ZIpmKOPk2V3WjG4CruTi0NtE8A', 'KOTABARU', '43', 2),
(4085, 'gxDQLYJz5UnMh2i4jcC7TfmsdkKuA0', 'H72YUcGaOwjPuyTR6BbKqAeodlM0Ni', 'KOTABARU', '30', 1),
(4086, 'gxDQLYJz5UnMh2i4jcC7TfmsdkKuA0', 'nulTYaOKJSxQ3wdv5birzfABoIpNeP', 'KOTABARU', '64', 3),
(4087, 'gxDQLYJz5UnMh2i4jcC7TfmsdkKuA0', 'nVHDsrwJ5ku9lN08EIX3UeAgPBhZ2T', 'KOTABARU', '30', 1),
(4088, 'gxDQLYJz5UnMh2i4jcC7TfmsdkKuA0', 'oSdz0fH8O4cLUR7YX9G6JglrvepxDi', 'KOTABARU', '51', 3),
(4089, 'gxDQLYJz5UnMh2i4jcC7TfmsdkKuA0', 'ty0sXPkWJxMn7238DzYuHCVLRNdIEG', 'KOTABARU', '65', 3),
(4090, 'gxDQLYJz5UnMh2i4jcC7TfmsdkKuA0', 'uRAaQ45r6JM8wWzB7YsScegIHbnv1o', 'KOTABARU', '39', 2),
(4091, 'gxDQLYJz5UnMh2i4jcC7TfmsdkKuA0', 'xXO1lmYiejHtFQn92rS5wckVJ0gsCy', 'KOTABARU', '28', 1),
(4092, 'gxDQLYJz5UnMh2i4jcC7TfmsdkKuA0', '9XGwhVMp7TueJcELqzYZs16Ktd2UQx', 'TERBAN', '50', 2),
(4093, 'gxDQLYJz5UnMh2i4jcC7TfmsdkKuA0', 'C4i2KHtY7MB5zWTy6VUJdZnPqOjlxh', 'TERBAN', '55', 3),
(4094, 'gxDQLYJz5UnMh2i4jcC7TfmsdkKuA0', 'gI6GZld8fKrStNmwzsjnBEJQv47WFb', 'TERBAN', '30', 1),
(4095, 'gxDQLYJz5UnMh2i4jcC7TfmsdkKuA0', 'H4XRVMJ0NPU8vCQcF2ZgjO7luIsieD', 'TERBAN', '25', 1),
(4096, 'gxDQLYJz5UnMh2i4jcC7TfmsdkKuA0', 'ok1tST7KDaxuWViqCAXbEpZ3M208Lc', 'TERBAN', '42', 2),
(4097, 'gxDQLYJz5UnMh2i4jcC7TfmsdkKuA0', 'uckHBwTNo2UKvmS6dQ8ODgpjRnbzhx', 'TERBAN', '70', 3),
(4098, 'gxDQLYJz5UnMh2i4jcC7TfmsdkKuA0', 'UIJYnr3Qj7qbBAmyv9pXCPxHKdsZo0', 'TERBAN', '20', 1),
(4099, 'gxDQLYJz5UnMh2i4jcC7TfmsdkKuA0', 'VZxCd7A3D5ypXsmogM1n0lzkU4P8fT', 'TERBAN', '24', 1),
(4100, 'gxDQLYJz5UnMh2i4jcC7TfmsdkKuA0', 'xowaIiRWL0b64sKJ9BASMNgnjD2zOQ', 'TERBAN', '47', 2),
(4101, 'gxDQLYJz5UnMh2i4jcC7TfmsdkKuA0', 'yvc2E4XpHGJPCVBNkKTYehuIit87xO', 'TERBAN', '29', 1),
(4102, 'gxDQLYJz5UnMh2i4jcC7TfmsdkKuA0', 'axAWs7FuC8dlnZ2LiOMq4mPpjE5HyX', 'SURYATMAJAN', '27', 1),
(4103, 'gxDQLYJz5UnMh2i4jcC7TfmsdkKuA0', 'cXtxE7oSaFYROwUCHeImh0kfqAgLz6', 'SURYATMAJAN', '63', 3),
(4104, 'gxDQLYJz5UnMh2i4jcC7TfmsdkKuA0', 'fYQbiILA61P93HF5peyvWZUXEksgOz', 'SURYATMAJAN', '53', 3),
(4105, 'gxDQLYJz5UnMh2i4jcC7TfmsdkKuA0', 'GTBMgzjaoSV4FXLADHqh7EpOirxJeP', 'SURYATMAJAN', '31', 1),
(4106, 'gxDQLYJz5UnMh2i4jcC7TfmsdkKuA0', 'hFfGQkW8lXpOIyLaCP2s1eZzmUrNSj', 'SURYATMAJAN', '29', 1),
(4107, 'gxDQLYJz5UnMh2i4jcC7TfmsdkKuA0', 'LsH8UocR9kGFT16hzDpvVAEQNlrWYJ', 'SURYATMAJAN', '35', 2),
(4108, 'gxDQLYJz5UnMh2i4jcC7TfmsdkKuA0', 'OklrnsZN4bLDTU7YJeHuBgFAGWtj9q', 'SURYATMAJAN', '43', 2),
(4109, 'gxDQLYJz5UnMh2i4jcC7TfmsdkKuA0', 'pHYWfKzyZa4USLFDOc0XvPtwusmB8h', 'SURYATMAJAN', '33', 1),
(4110, 'gxDQLYJz5UnMh2i4jcC7TfmsdkKuA0', 'zSBNOnwQ3FP0kGyXDjMvYZ54p8IAxa', 'SURYATMAJAN', '74', 3),
(4111, 'gxDQLYJz5UnMh2i4jcC7TfmsdkKuA0', '8A5kVZgeIS3C9TRi4Woz2MEG7nhtr1', 'TEGALPANGGUNG', '30', 1),
(4112, 'gxDQLYJz5UnMh2i4jcC7TfmsdkKuA0', '8C6AycLpGlEnsWrPOXa5zmYQvSRNx3', 'TEGALPANGGUNG', '30', 1),
(4113, 'gxDQLYJz5UnMh2i4jcC7TfmsdkKuA0', 'BVX7QHI1j58A6v3mGLayOxRKNgSFPb', 'TEGALPANGGUNG', '29', 1),
(4114, 'gxDQLYJz5UnMh2i4jcC7TfmsdkKuA0', 'cbY4z3w9aZJuXB2ARvUiofmteQFLSp', 'TEGALPANGGUNG', '61', 3),
(4115, 'gxDQLYJz5UnMh2i4jcC7TfmsdkKuA0', 'CxyNgzwqtVBY7W5D0uUFiLrAOsM6oG', 'TEGALPANGGUNG', '64', 3),
(4116, 'gxDQLYJz5UnMh2i4jcC7TfmsdkKuA0', 'iLTOcSmeEkxt02rl6CaHGJb8gBNQqv', 'TEGALPANGGUNG', '29', 1),
(4117, 'gxDQLYJz5UnMh2i4jcC7TfmsdkKuA0', 'iPRE8AD2shGBk7b3aUHNo6exT5ctXF', 'TEGALPANGGUNG', '78', 3),
(4118, 'gxDQLYJz5UnMh2i4jcC7TfmsdkKuA0', 'ROhAtoJPpi4uKFZI0f65wvzedUm37Q', 'TEGALPANGGUNG', '35', 1),
(4119, 'gxDQLYJz5UnMh2i4jcC7TfmsdkKuA0', 'uechLVvxHOaIJkDgloPKCE5X61sqGZ', 'TEGALPANGGUNG', '61', 3),
(4120, 'gxDQLYJz5UnMh2i4jcC7TfmsdkKuA0', 'XmuBHabj4CEA6OZYGthLDwfigeTFdr', 'TEGALPANGGUNG', '31', 1),
(4121, 'gxDQLYJz5UnMh2i4jcC7TfmsdkKuA0', 'Fo9B8dpGqnt6eC7L2QIAvuMfZgrWzD', 'BAUSASRAN', '47', 2),
(4122, 'gxDQLYJz5UnMh2i4jcC7TfmsdkKuA0', 'g2qXYZPtjv4bHKEB36c5LlkwrVhuem', 'BAUSASRAN', '49', 2),
(4123, 'gxDQLYJz5UnMh2i4jcC7TfmsdkKuA0', 'GShd69iHaPp3vFrYCLcj0EeZqm58gn', 'BAUSASRAN', '38', 2),
(4124, 'gxDQLYJz5UnMh2i4jcC7TfmsdkKuA0', 'iHDpsP63lIYrLMNBzcaKGxodb0Fh1t', 'BAUSASRAN', '51', 3),
(4125, 'gxDQLYJz5UnMh2i4jcC7TfmsdkKuA0', 'LHA4SlGPBCEzdUVKivJk2QnZDXp5wx', 'BAUSASRAN', '43', 2),
(4126, 'gxDQLYJz5UnMh2i4jcC7TfmsdkKuA0', 'lpsXRFTYQEuOaZq0VPSfxAd1yWNvin', 'BAUSASRAN', '32', 1),
(4127, 'gxDQLYJz5UnMh2i4jcC7TfmsdkKuA0', 'NZ3qrlz2ai0VMIgG6SRWDpAv8FesjC', 'BAUSASRAN', '64', 3),
(4128, 'gxDQLYJz5UnMh2i4jcC7TfmsdkKuA0', 'OGEYjDoI8MmxBPSW2eatUhvCLNkgVb', 'BAUSASRAN', '77', 3),
(4129, 'gxDQLYJz5UnMh2i4jcC7TfmsdkKuA0', 'UApx6hj8v0IV3MaeiWDZSBCJmLok1d', 'BAUSASRAN', '33', 1),
(4130, 'gxDQLYJz5UnMh2i4jcC7TfmsdkKuA0', 'zSwKdsYIcqbtih8X7NRB0lOMFGZ3D2', 'BAUSASRAN', '36', 2),
(4131, 'gxDQLYJz5UnMh2i4jcC7TfmsdkKuA0', '3bUCc5yq0PTv2uXjEdN7gGDoQWKwx9', 'PURWOKINANTI', '33', 1),
(4132, 'gxDQLYJz5UnMh2i4jcC7TfmsdkKuA0', 'CYrmKHaXRGqWgxMNe6Tt37AUOs8LVk', 'PURWOKINANTI', '40', 2),
(4133, 'gxDQLYJz5UnMh2i4jcC7TfmsdkKuA0', 'edBL5rJDkNH2GCpbKV1UlsRa9ncI40', 'PURWOKINANTI', '36', 1),
(4134, 'gxDQLYJz5UnMh2i4jcC7TfmsdkKuA0', 'R3mZFraypT0K7Dtvcis1MxbYeHk4Cu', 'PURWOKINANTI', '48', 2),
(4135, 'gxDQLYJz5UnMh2i4jcC7TfmsdkKuA0', 'r7oAwWxVL9busEf0D3vhFMqtm4RSp6', 'PURWOKINANTI', '56', 3),
(4136, 'gxDQLYJz5UnMh2i4jcC7TfmsdkKuA0', 'teoaqkfFsG5m1JKNUi6Xrj8SBY3Hgd', 'PURWOKINANTI', '22', 1),
(4137, 'gxDQLYJz5UnMh2i4jcC7TfmsdkKuA0', 'tJsDrwScAofdFpkaM2HvzVXxgE90h6', 'PURWOKINANTI', '42', 2),
(4138, 'gxDQLYJz5UnMh2i4jcC7TfmsdkKuA0', 'u53k0MlayX74WqcPb6AJFZxhvI9Vsn', 'PURWOKINANTI', '59', 3),
(4139, 'gxDQLYJz5UnMh2i4jcC7TfmsdkKuA0', 'USNRsdVwvXthrebEIg8PfoC2xWLOFz', 'PURWOKINANTI', '63', 3),
(4140, 'gxDQLYJz5UnMh2i4jcC7TfmsdkKuA0', 'Vc5gRxovA6UhN37uyMLYtPpeHzfJWO', 'PURWOKINANTI', '22', 1),
(4141, 'gxDQLYJz5UnMh2i4jcC7TfmsdkKuA0', 'CBxPpuiGTMgw56WrcYmaq0FdVKot7e', 'PRAWIRODIRJAN', '37', 2),
(4142, 'gxDQLYJz5UnMh2i4jcC7TfmsdkKuA0', 'f9vKxGsag4lDyPoCTLIUzEQ8ZHM6O1', 'PRAWIRODIRJAN', '41', 2),
(4143, 'gxDQLYJz5UnMh2i4jcC7TfmsdkKuA0', 'fpVi6W0kueaTQYINP8RjL1lwKZgXh9', 'PRAWIRODIRJAN', '20', 1),
(4144, 'gxDQLYJz5UnMh2i4jcC7TfmsdkKuA0', 'K6jFyI0sbdifLuaH2lzTV9StOCoBD1', 'PRAWIRODIRJAN', '35', 2),
(4145, 'gxDQLYJz5UnMh2i4jcC7TfmsdkKuA0', 'LSOAxIgs9w8kTHQBC6mMuNn7eKqfc4', 'PRAWIRODIRJAN', '35', 2),
(4146, 'gxDQLYJz5UnMh2i4jcC7TfmsdkKuA0', 'm7xGaF6V2J1fuA9hcq0DzpsZBotyO5', 'PRAWIRODIRJAN', '25', 1),
(4147, 'gxDQLYJz5UnMh2i4jcC7TfmsdkKuA0', 'T2W5UsJSMA1oXjyi03hpquKZH9mgwr', 'PRAWIRODIRJAN', '28', 1),
(4148, 'gxDQLYJz5UnMh2i4jcC7TfmsdkKuA0', 'UatvKVg0dMG4xm1Ebh6eXuq5IfCj9N', 'PRAWIRODIRJAN', '62', 3),
(4149, 'gxDQLYJz5UnMh2i4jcC7TfmsdkKuA0', 'VcPHDyBUT8SbKEtl26uJqXiIR7xQoA', 'PRAWIRODIRJAN', '55', 3),
(4150, 'gxDQLYJz5UnMh2i4jcC7TfmsdkKuA0', 'XyFVSPA5JwBajR3uC98bhT2Qf60eEK', 'PRAWIRODIRJAN', '20', 1),
(4151, 'gxDQLYJz5UnMh2i4jcC7TfmsdkKuA0', '3C1lJtx46s50oIWcEwugf7NXYZOhp9', 'NGUPASAN', '21', 1),
(4152, 'gxDQLYJz5UnMh2i4jcC7TfmsdkKuA0', 'baBUZKhpDuckiomOYN6xGFzf2LV30Q', 'NGUPASAN', '22', 1),
(4153, 'gxDQLYJz5UnMh2i4jcC7TfmsdkKuA0', 'ClqnEuIkWfD9XywjrOML2KFhmR8doV', 'NGUPASAN', '30', 1),
(4154, 'gxDQLYJz5UnMh2i4jcC7TfmsdkKuA0', 'HcgeylqTDuiVQfMGUIk61t5dxp8aP4', 'NGUPASAN', '36', 1),
(4155, 'gxDQLYJz5UnMh2i4jcC7TfmsdkKuA0', 'hZ8V7Ei5rJPxSktmnacWTDyB6UMzNe', 'NGUPASAN', '89', 3),
(4156, 'gxDQLYJz5UnMh2i4jcC7TfmsdkKuA0', 'hZagoNUW3zfY0XB84O7s2rSVxqF9lG', 'NGUPASAN', '24', 1),
(4157, 'gxDQLYJz5UnMh2i4jcC7TfmsdkKuA0', 'PEJUZV9lc0o5gfwNpx6hRLC8uds2QB', 'NGUPASAN', '50', 2),
(4158, 'gxDQLYJz5UnMh2i4jcC7TfmsdkKuA0', 'VPjZDfwm60rpO25T1HQb4kuWgi7BxR', 'NGUPASAN', '43', 2),
(4159, 'gxDQLYJz5UnMh2i4jcC7TfmsdkKuA0', 'xH82neYIjA06dLPl37R4zpvhW1uUya', 'NGUPASAN', '29', 1),
(4160, 'gxDQLYJz5UnMh2i4jcC7TfmsdkKuA0', 'y6zEJVODbB24v9lKW1xUI8ZmNGqYFt', 'NGUPASAN', '37', 2),
(4161, 'gxDQLYJz5UnMh2i4jcC7TfmsdkKuA0', '3s5e6THYxAIkLfMplSmUJ4j8Oqd9ba', 'NOTOPRAJAN', '37', 2),
(4162, 'gxDQLYJz5UnMh2i4jcC7TfmsdkKuA0', '7LQ3zBflmJUM6hqRyrNGYD0WdC9TPS', 'NOTOPRAJAN', '37', 2),
(4163, 'gxDQLYJz5UnMh2i4jcC7TfmsdkKuA0', 'B52O9qtjaXRwfIZdvN4kYGhEzWoF1H', 'NOTOPRAJAN', '37', 2),
(4164, 'gxDQLYJz5UnMh2i4jcC7TfmsdkKuA0', 'D9QPB5fAyFguxIzO6XiaMkRvUWHjNY', 'NOTOPRAJAN', '31', 1),
(4165, 'gxDQLYJz5UnMh2i4jcC7TfmsdkKuA0', 'dC19moxBwOLQruYfzUMNVSqG6lHJXA', 'NOTOPRAJAN', '41', 2),
(4166, 'gxDQLYJz5UnMh2i4jcC7TfmsdkKuA0', 'dxHMfB3rOiugU61wnVAs4YPeD9lShy', 'NOTOPRAJAN', '31', 1),
(4167, 'gxDQLYJz5UnMh2i4jcC7TfmsdkKuA0', 'LQ8MgKk6jrha5TENBiqAYumxbeVtZ7', 'NOTOPRAJAN', '37', 2),
(4168, 'gxDQLYJz5UnMh2i4jcC7TfmsdkKuA0', 'rG6WtSI2pd1izsxRf9uY8BwLOokK50', 'NOTOPRAJAN', '26', 1),
(4169, 'gxDQLYJz5UnMh2i4jcC7TfmsdkKuA0', 'UM2N4yVomQjZg8wcEIBDOf6We1lYqC', 'NOTOPRAJAN', '47', 2),
(4170, 'gxDQLYJz5UnMh2i4jcC7TfmsdkKuA0', 'zU1Ivyw6s90MOmA5hFru7JiGja2koC', 'NOTOPRAJAN', '34', 1),
(4171, 'gxDQLYJz5UnMh2i4jcC7TfmsdkKuA0', '0Jqp2Pobtre5Y4EVmvxiynKsWdafGz', 'NGAMPILAN', '31', 1),
(4172, 'gxDQLYJz5UnMh2i4jcC7TfmsdkKuA0', '1D7kMsagWn0x9eEfK3BSdCYUbV28mQ', 'NGAMPILAN', '29', 1),
(4173, 'gxDQLYJz5UnMh2i4jcC7TfmsdkKuA0', '8dJEyPhTNFnoLeSABVqC6jXi4Qcgwx', 'NGAMPILAN', '29', 1),
(4174, 'gxDQLYJz5UnMh2i4jcC7TfmsdkKuA0', 'BpzDYPtV9KsqThGcu8b7egUoXW5ylM', 'NGAMPILAN', '28', 1),
(4175, 'gxDQLYJz5UnMh2i4jcC7TfmsdkKuA0', 'ETwFofviAzc7P4muagQBlj02Hq9Lb3', 'NGAMPILAN', '21', 1),
(4176, 'gxDQLYJz5UnMh2i4jcC7TfmsdkKuA0', 'FTV3AK6JBu8NqGUji9MSfcym0ZHdRw', 'NGAMPILAN', '44', 2),
(4177, 'gxDQLYJz5UnMh2i4jcC7TfmsdkKuA0', 'MIGldBeVhSq0tFALROCbvjfcUYim95', 'NGAMPILAN', '40', 2),
(4178, 'gxDQLYJz5UnMh2i4jcC7TfmsdkKuA0', 'pUe63SJHdO71BksnDlGvZxzQTjbP20', 'NGAMPILAN', '38', 2),
(4179, 'gxDQLYJz5UnMh2i4jcC7TfmsdkKuA0', 'PWzALGQYSw1d2eoVc0OZxyv4g6TE9F', 'NGAMPILAN', '23', 1),
(4180, 'gxDQLYJz5UnMh2i4jcC7TfmsdkKuA0', 'Xm2sxknFzvWZ3SgfJOqR7d0aGIiMEo', 'NGAMPILAN', '63', 3),
(4181, 'gxDQLYJz5UnMh2i4jcC7TfmsdkKuA0', '1dqD7wMByhnKWtki2O5JjaRIGoFzrv', 'PATANGPULUHAN', '28', 1),
(4182, 'gxDQLYJz5UnMh2i4jcC7TfmsdkKuA0', 'cPDJ65E04YzogQM8hUlnHmes9pGFV1', 'PATANGPULUHAN', '59', 3),
(4183, 'gxDQLYJz5UnMh2i4jcC7TfmsdkKuA0', 'DMBVk84Xr75yqRAZTz2gcGv6ECFJs3', 'PATANGPULUHAN', '33', 1),
(4184, 'gxDQLYJz5UnMh2i4jcC7TfmsdkKuA0', 'Ea1F5iZUCuqTjKeI8Bc7M4GNtLf3lD', 'PATANGPULUHAN', '66', 3),
(4185, 'gxDQLYJz5UnMh2i4jcC7TfmsdkKuA0', 'EshS4eg703amfPyX18UjH2xdi6TvFJ', 'PATANGPULUHAN', '39', 2),
(4186, 'gxDQLYJz5UnMh2i4jcC7TfmsdkKuA0', 'GpsoyBOPVZElrWtIn3JShkw2bTdK79', 'PATANGPULUHAN', '32', 1),
(4187, 'gxDQLYJz5UnMh2i4jcC7TfmsdkKuA0', 'HKYorNAlpuT8zIxMhnRiOVDk5JE0cP', 'PATANGPULUHAN', '44', 2),
(4188, 'gxDQLYJz5UnMh2i4jcC7TfmsdkKuA0', 'hPSBY4kViu2prmU3edT0OJGbgQE8MA', 'PATANGPULUHAN', '39', 2),
(4189, 'gxDQLYJz5UnMh2i4jcC7TfmsdkKuA0', 'p5Wjw82KBFTDhLkibogaOrMSZqlXxe', 'PATANGPULUHAN', '36', 1),
(4190, 'gxDQLYJz5UnMh2i4jcC7TfmsdkKuA0', 'PwYUVhFoBGvc8gKR7jpaCDiSIs2tHJ', 'PATANGPULUHAN', '31', 1),
(4191, 'gxDQLYJz5UnMh2i4jcC7TfmsdkKuA0', 'AW1hJl4250xjkuqmZQKNS6ITpFYOia', 'WIROBRAJAN', '34', 1),
(4192, 'gxDQLYJz5UnMh2i4jcC7TfmsdkKuA0', 'C6S4aAXwNcdeB3zlx0GFybJrEoj2uZ', 'WIROBRAJAN', '59', 3),
(4193, 'gxDQLYJz5UnMh2i4jcC7TfmsdkKuA0', 'cgU2jSqVFK386ouaxYzdPnhpB9Iie1', 'WIROBRAJAN', '55', 3),
(4194, 'gxDQLYJz5UnMh2i4jcC7TfmsdkKuA0', 'F7KXIVYm8Q3Cov1ZiHx5W4synkBuLe', 'WIROBRAJAN', '29', 1),
(4195, 'gxDQLYJz5UnMh2i4jcC7TfmsdkKuA0', 'Kp7JQToYsX0614DGOitWVk8nwhlFZR', 'WIROBRAJAN', '32', 1),
(4196, 'gxDQLYJz5UnMh2i4jcC7TfmsdkKuA0', 'M7jdqfP4BVxGeDk2p1vsYE50toWL6U', 'WIROBRAJAN', '38', 2),
(4197, 'gxDQLYJz5UnMh2i4jcC7TfmsdkKuA0', 'mn6HgOfe5GiTdQWPBwEF7SjC8xD3bq', 'WIROBRAJAN', '21', 1),
(4198, 'gxDQLYJz5UnMh2i4jcC7TfmsdkKuA0', 'snKidEP3lByx2cj9TLu1AvRQopHJtZ', 'WIROBRAJAN', '36', 1),
(4199, 'gxDQLYJz5UnMh2i4jcC7TfmsdkKuA0', 'TIp0VYNLifHw29ABPnOuZd8oMky5qE', 'WIROBRAJAN', '36', 1),
(4200, 'gxDQLYJz5UnMh2i4jcC7TfmsdkKuA0', 'WotVa7fTUwKAnOXsFBx9IrLpq0NPSk', 'WIROBRAJAN', '54', 3),
(4201, 'gxDQLYJz5UnMh2i4jcC7TfmsdkKuA0', 'AmBfNgyMHXrFv3YixCnWzSOqKLjlbG', 'PAKUNCEN', '36', 2),
(4202, 'gxDQLYJz5UnMh2i4jcC7TfmsdkKuA0', 'Ano1qpzBU7PtS4mkIaRMxDFY2g68Zs', 'PAKUNCEN', '51', 3),
(4203, 'gxDQLYJz5UnMh2i4jcC7TfmsdkKuA0', 'g5RKoHCOknEdNGIybMeu69TxBX4Jcj', 'PAKUNCEN', '33', 1),
(4204, 'gxDQLYJz5UnMh2i4jcC7TfmsdkKuA0', 'k9S7TFa2A1V3mcI5qJdyvnEzuZhGf8', 'PAKUNCEN', '30', 1),
(4205, 'gxDQLYJz5UnMh2i4jcC7TfmsdkKuA0', 'nrg9p2eomGL5bkdhU1sMwWOPcSiQNX', 'PAKUNCEN', '32', 1),
(4206, 'gxDQLYJz5UnMh2i4jcC7TfmsdkKuA0', 'qgrzXy1u4s8plomdSFTPOYvUtQ2wIA', 'PAKUNCEN', '38', 2),
(4207, 'gxDQLYJz5UnMh2i4jcC7TfmsdkKuA0', 'QltkaUyVNMJ0LOBYr6DIbxugTsziR9', 'PAKUNCEN', '34', 2),
(4208, 'gxDQLYJz5UnMh2i4jcC7TfmsdkKuA0', 'RiNrt3gqLh0EOWlVzU1PZnbydJkowf', 'PAKUNCEN', '41', 2),
(4209, 'gxDQLYJz5UnMh2i4jcC7TfmsdkKuA0', 'sX1Wxwzh6PfmBtVFklqYHUoNjy5a92', 'PAKUNCEN', '44', 2),
(4210, 'gxDQLYJz5UnMh2i4jcC7TfmsdkKuA0', 'TjwaQOIdJUuzRB2HY8q3NLrc5e9ZFp', 'PAKUNCEN', '70', 3),
(4211, 'gxDQLYJz5UnMh2i4jcC7TfmsdkKuA0', '4o1UPQSC5gtBymc02bdh3JM8XiqADu', 'PRINGGOKUSUMAN', '38', 2),
(4212, 'gxDQLYJz5UnMh2i4jcC7TfmsdkKuA0', 'd7CVvs9wKiX5RMBZ8j4lYgrD6JkNIW', 'PRINGGOKUSUMAN', '31', 1),
(4213, 'gxDQLYJz5UnMh2i4jcC7TfmsdkKuA0', 'JgPu7ObTNhAMVF2w3Z6cQEjys4zpCS', 'PRINGGOKUSUMAN', '30', 1),
(4214, 'gxDQLYJz5UnMh2i4jcC7TfmsdkKuA0', 'JsITa2b0dly7mfR3g4WkVMqCHwXFZP', 'PRINGGOKUSUMAN', '46', 2),
(4215, 'gxDQLYJz5UnMh2i4jcC7TfmsdkKuA0', 'SKLHmt8FlUYynziWb47fspdQvxoJkr', 'PRINGGOKUSUMAN', '28', 1),
(4216, 'gxDQLYJz5UnMh2i4jcC7TfmsdkKuA0', 'th3BUYEuTrM6bSpekxXCD4GlzNvjwR', 'PRINGGOKUSUMAN', '40', 2),
(4217, 'gxDQLYJz5UnMh2i4jcC7TfmsdkKuA0', 'WngYjrGhHVLDiZzyu0cwoPtONsX7qf', 'PRINGGOKUSUMAN', '35', 2),
(4218, 'gxDQLYJz5UnMh2i4jcC7TfmsdkKuA0', 'X0yGmouUgAEOe27TBRziW5Vw6JPMtb', 'PRINGGOKUSUMAN', '29', 1),
(4219, 'gxDQLYJz5UnMh2i4jcC7TfmsdkKuA0', 'XguaYMBpqLOm9yF14N5oh0nTi2jAHP', 'PRINGGOKUSUMAN', '32', 1),
(4220, 'gxDQLYJz5UnMh2i4jcC7TfmsdkKuA0', 'zNcGfwuWJ1MoXO9iVqSsBAI657ZUgt', 'PRINGGOKUSUMAN', '39', 2),
(4221, 'gxDQLYJz5UnMh2i4jcC7TfmsdkKuA0', '2f314s6lCwIqKYFy5WGQZNkote7b0D', 'SOSROMENDURAN', '33', 1),
(4222, 'gxDQLYJz5UnMh2i4jcC7TfmsdkKuA0', 'exHOnFSYIpMZPyVvflGURtBJ60Wz2c', 'SOSROMENDURAN', '65', 3),
(4223, 'gxDQLYJz5UnMh2i4jcC7TfmsdkKuA0', 'lMCE98ngkpSW6zLKfF7yJVAwrHbe31', 'SOSROMENDURAN', '58', 3),
(4224, 'gxDQLYJz5UnMh2i4jcC7TfmsdkKuA0', 'ri0TNOdFx62AlcZQt9jBJ4VpPR51wu', 'SOSROMENDURAN', '44', 2),
(4225, 'gxDQLYJz5UnMh2i4jcC7TfmsdkKuA0', 'uj6O2noPl15wGgkxTz8pbcMLYS3fBK', 'SOSROMENDURAN', '50', 3),
(4226, 'gxDQLYJz5UnMh2i4jcC7TfmsdkKuA0', 'urcNFXAivQx73LSo9z4YO0slf8JId1', 'SOSROMENDURAN', '51', 3),
(4227, 'gxDQLYJz5UnMh2i4jcC7TfmsdkKuA0', 'v3SzDfLVNI6rHx8sK9EBdkuqotaw1G', 'SOSROMENDURAN', '56', 3),
(4228, 'gxDQLYJz5UnMh2i4jcC7TfmsdkKuA0', 'VJCqX5puUxMnz19YmhFcoDkGK0IBgH', 'SOSROMENDURAN', '58', 3),
(4229, 'gxDQLYJz5UnMh2i4jcC7TfmsdkKuA0', 'XidKAboJ18nlwkqB2EjQ6eLN0Y74PV', 'SOSROMENDURAN', '87', 3),
(4230, 'gxDQLYJz5UnMh2i4jcC7TfmsdkKuA0', 'xiYOLqZlksa2FogvM7ew9fJKjcQGU5', 'SOSROMENDURAN', '40', 2),
(4231, 'gxDQLYJz5UnMh2i4jcC7TfmsdkKuA0', '1KHzwo5fa37I2NCQrMmFGnqebPLyXV', 'BUMIJO', '89', 3),
(4232, 'gxDQLYJz5UnMh2i4jcC7TfmsdkKuA0', '4Vtkb5T9jBAKz3y8redLnla27WqxwY', 'BUMIJO', '27', 1),
(4233, 'gxDQLYJz5UnMh2i4jcC7TfmsdkKuA0', '8imncsOE9Qtbpq7YeR3aToNkASulKL', 'BUMIJO', '28', 1),
(4234, 'gxDQLYJz5UnMh2i4jcC7TfmsdkKuA0', '8lQPd5REuYXVxOqcgaLjsB0Mnfvbyi', 'BUMIJO', '37', 2),
(4235, 'gxDQLYJz5UnMh2i4jcC7TfmsdkKuA0', 'MpLZxs6yI52bVKDnaB7T4hquwrmJXF', 'BUMIJO', '29', 1),
(4236, 'gxDQLYJz5UnMh2i4jcC7TfmsdkKuA0', 'nHqZ1pk7XrKGgxUusELodPI8a0jcCm', 'BUMIJO', '55', 3),
(4237, 'gxDQLYJz5UnMh2i4jcC7TfmsdkKuA0', 'r68DY4aMy5kJgpbi1nPTWRw0lfQqGe', 'BUMIJO', '48', 2),
(4238, 'gxDQLYJz5UnMh2i4jcC7TfmsdkKuA0', 'SEUWhdosXu6c09KRQBGmTi2Nqrxv4P', 'BUMIJO', '20', 1),
(4239, 'gxDQLYJz5UnMh2i4jcC7TfmsdkKuA0', 'ULZMXKSawfq2lY4CG0Rne7OuIV3tNx', 'BUMIJO', '47', 2),
(4240, 'gxDQLYJz5UnMh2i4jcC7TfmsdkKuA0', 'YIDFrNulzd043eJZmwcna7WgOGvxbs', 'BUMIJO', '20', 1),
(4241, 'gxDQLYJz5UnMh2i4jcC7TfmsdkKuA0', '2ldMsXv1DkpINKFzBSqJah8RUyfLic', 'GOWONGAN', '57', 3),
(4242, 'gxDQLYJz5UnMh2i4jcC7TfmsdkKuA0', '6LXS4oIPjrCOHvdcgMzumb1A2wVW0e', 'GOWONGAN', '66', 3),
(4243, 'gxDQLYJz5UnMh2i4jcC7TfmsdkKuA0', 'BOH3lE49JYUhd5c0M2QVfTFnopwmyC', 'GOWONGAN', '39', 2),
(4244, 'gxDQLYJz5UnMh2i4jcC7TfmsdkKuA0', 'eaVPrd1YNtlS0soEATZ5vqUhRCcXB6', 'GOWONGAN', '35', 1),
(4245, 'gxDQLYJz5UnMh2i4jcC7TfmsdkKuA0', 'jgwWhExXLSmOrKzvaIb3Mlqc9P5C8n', 'GOWONGAN', '67', 3),
(4246, 'gxDQLYJz5UnMh2i4jcC7TfmsdkKuA0', 'mJP9ZlG7uYEHjbgWc8DKz54SQI0Lhe', 'GOWONGAN', '51', 2),
(4247, 'gxDQLYJz5UnMh2i4jcC7TfmsdkKuA0', 'nLVE7svBORwYbuXlP4oxeg9UKZi63Q', 'GOWONGAN', '30', 1),
(4248, 'gxDQLYJz5UnMh2i4jcC7TfmsdkKuA0', 'PicvwOlFRWmIJUqjyNTeXQKt8H1bnV', 'GOWONGAN', '42', 2),
(4249, 'gxDQLYJz5UnMh2i4jcC7TfmsdkKuA0', 'qcB2ZM7iQb95pK1W8PtUavCnfGwsLo', 'GOWONGAN', '22', 1),
(4250, 'gxDQLYJz5UnMh2i4jcC7TfmsdkKuA0', 'sxckn9qSgCDoM0dXHL8AiWth7b2wY3', 'GOWONGAN', '33', 1),
(4251, 'gxDQLYJz5UnMh2i4jcC7TfmsdkKuA0', '6gchWMlJ3zLDaFrAoeOEC5YnUpV0m9', 'COKRODININGRATAN', '69', 3),
(4252, 'gxDQLYJz5UnMh2i4jcC7TfmsdkKuA0', 'diw4mLej9OzylWahGtIFHBSKA7VU8E', 'COKRODININGRATAN', '65', 3),
(4253, 'gxDQLYJz5UnMh2i4jcC7TfmsdkKuA0', 'DWxH7eCwG1njqA5NX0Uo8ZSs6BalVp', 'COKRODININGRATAN', '42', 2),
(4254, 'gxDQLYJz5UnMh2i4jcC7TfmsdkKuA0', 'dXLo1qx4wCZeW90nOhGHiMyIjNVFpA', 'COKRODININGRATAN', '35', 1),
(4255, 'gxDQLYJz5UnMh2i4jcC7TfmsdkKuA0', 'Hu5TgW06eFD3GkhbLfZUYOSrdzPpRC', 'COKRODININGRATAN', '40', 2),
(4256, 'gxDQLYJz5UnMh2i4jcC7TfmsdkKuA0', 'lWFYX3cP2nL8jURwSaEA1BCTu5V9hM', 'COKRODININGRATAN', '41', 2),
(4257, 'gxDQLYJz5UnMh2i4jcC7TfmsdkKuA0', 'ml5rg9I8DZUPoEexz4VkJNC3piwLRv', 'COKRODININGRATAN', '34', 1),
(4258, 'gxDQLYJz5UnMh2i4jcC7TfmsdkKuA0', 'w8sUOX0VET6JrfeI9QqKhnbBvWa4HY', 'COKRODININGRATAN', '58', 3),
(4259, 'gxDQLYJz5UnMh2i4jcC7TfmsdkKuA0', 'wXlPBhDKeYGskZQ56mc01x9bUIaoRj', 'COKRODININGRATAN', '23', 1),
(4260, 'gxDQLYJz5UnMh2i4jcC7TfmsdkKuA0', 'XcfPGVhruDI9gpm0Co1YeNy2aMqQjF', 'COKRODININGRATAN', '28', 1),
(4261, 'gxDQLYJz5UnMh2i4jcC7TfmsdkKuA0', '248XJH95okPW71lUKnYxtrguFei3w0', 'TEGALREJO', '32', 1),
(4262, 'gxDQLYJz5UnMh2i4jcC7TfmsdkKuA0', '25CdTf1xLzJRQkcDvjAt3SgoUlp8WO', 'TEGALREJO', '22', 1),
(4263, 'gxDQLYJz5UnMh2i4jcC7TfmsdkKuA0', 'bRnfFITJG9QSDlcZ0H4vdoM3yarpkP', 'TEGALREJO', '28', 1),
(4264, 'gxDQLYJz5UnMh2i4jcC7TfmsdkKuA0', 'jDENR9BcTQ3aidPOYVZ8hbU2uHvGLK', 'TEGALREJO', '20', 1),
(4265, 'gxDQLYJz5UnMh2i4jcC7TfmsdkKuA0', 'PlVvwKakdZpFyCMIRDuBbgSfUq2Yoe', 'TEGALREJO', '37', 2),
(4266, 'gxDQLYJz5UnMh2i4jcC7TfmsdkKuA0', 'rDzBxwqF9NRyt1TPeWIfu2Z3UaGj68', 'TEGALREJO', '31', 1),
(4267, 'gxDQLYJz5UnMh2i4jcC7TfmsdkKuA0', 'RiIqSrmVuZ5nla0po9AzUv8DPNWfxL', 'TEGALREJO', '39', 2),
(4268, 'gxDQLYJz5UnMh2i4jcC7TfmsdkKuA0', 'v3GM25AoOmVugJDy4YjNTkPnECIfe9', 'TEGALREJO', '21', 1),
(4269, 'gxDQLYJz5UnMh2i4jcC7TfmsdkKuA0', 'VxBwEurzlYUk0DnHytmqoaLAO5F4JG', 'TEGALREJO', '47', 2),
(4270, 'gxDQLYJz5UnMh2i4jcC7TfmsdkKuA0', 'zuSxb5NZcQ2JOlengyp4AYtwK9Pfo7', 'TEGALREJO', '42', 2),
(4271, 'gxDQLYJz5UnMh2i4jcC7TfmsdkKuA0', '0Uf7PbhmDpZlA2wkYEBt8LvTHQ9MIn', 'KRICAK', '69', 3),
(4272, 'gxDQLYJz5UnMh2i4jcC7TfmsdkKuA0', '1wK0ekjfO74IxEo3BrQmuTzyHGYR6S', 'KRICAK', '23', 1),
(4273, 'gxDQLYJz5UnMh2i4jcC7TfmsdkKuA0', '6lRo3HFAJwYKVsaLCgry0Nq7u4Pkhf', 'KRICAK', '33', 1),
(4274, 'gxDQLYJz5UnMh2i4jcC7TfmsdkKuA0', '74ScsQUMIwA56pOZT8qzdenrLBVKul', 'KRICAK', '89', 3),
(4275, 'gxDQLYJz5UnMh2i4jcC7TfmsdkKuA0', 'E6g2LfSu3JQavlDxVZCp1dYmKkO5Gr', 'KRICAK', '39', 2),
(4276, 'gxDQLYJz5UnMh2i4jcC7TfmsdkKuA0', 'JgKr14VtOswCi2D68cnouSqmlGZPIh', 'KRICAK', '32', 1),
(4277, 'gxDQLYJz5UnMh2i4jcC7TfmsdkKuA0', 'mVHChLWBUfQSvGt0sdKqbR9pYOrxIX', 'KRICAK', '29', 1),
(4278, 'gxDQLYJz5UnMh2i4jcC7TfmsdkKuA0', 'RymGNDsZgIAxV4XKoYUdb89Mfnk3lQ', 'KRICAK', '30', 1),
(4279, 'gxDQLYJz5UnMh2i4jcC7TfmsdkKuA0', 'tvnZqflERgWhNpDkx3bs1UXOuFw2TK', 'KRICAK', '34', 2),
(4280, 'gxDQLYJz5UnMh2i4jcC7TfmsdkKuA0', 'XsEKbDA2aZoLNHQOlPjugMkBJti1cm', 'KRICAK', '53', 3),
(4281, 'gxDQLYJz5UnMh2i4jcC7TfmsdkKuA0', '2dn9Kya1xbmzMfpNrHDSPB7qlFOjie', 'KARANGWARU', '33', 1),
(4282, 'gxDQLYJz5UnMh2i4jcC7TfmsdkKuA0', '6AlcbvmHswrXVq2KIxjfZhU7341TDi', 'KARANGWARU', '44', 2),
(4283, 'gxDQLYJz5UnMh2i4jcC7TfmsdkKuA0', '7p40FWOBg8XQlxiAm3PEICeZtbKhyd', 'KARANGWARU', '51', 2),
(4284, 'gxDQLYJz5UnMh2i4jcC7TfmsdkKuA0', 'kDz1dpcFgGmINhPQMWAo9xB6s0Uwnj', 'KARANGWARU', '37', 1),
(4285, 'gxDQLYJz5UnMh2i4jcC7TfmsdkKuA0', 'miwtsYduPSUaOnGBRHFI2k30xrCXbD', 'KARANGWARU', '20', 1),
(4286, 'gxDQLYJz5UnMh2i4jcC7TfmsdkKuA0', 'nSqzsE7ZjG1c5givNMJD46AoUdRkTC', 'KARANGWARU', '46', 2),
(4287, 'gxDQLYJz5UnMh2i4jcC7TfmsdkKuA0', 'tHvTMIdq4BKQlsx3bzU5kLgJCREX69', 'KARANGWARU', '33', 1),
(4288, 'gxDQLYJz5UnMh2i4jcC7TfmsdkKuA0', 'uHcaA6XDGYkVvJCT8Qgb1m2IUrxSdh', 'KARANGWARU', '79', 3),
(4289, 'gxDQLYJz5UnMh2i4jcC7TfmsdkKuA0', 'VbojAIs64qH7hZcxvKMEdFiwGeUr5W', 'KARANGWARU', '38', 2),
(4290, 'gxDQLYJz5UnMh2i4jcC7TfmsdkKuA0', 'zd3yQpPcDCnuJiXLO9GvBAr02Ywgaf', 'KARANGWARU', '52', 2);

-- --------------------------------------------------------

--
-- Struktur dari tabel `tbl_clustering_hasil`
--

CREATE TABLE `tbl_clustering_hasil` (
  `id_clustering_hasil` varchar(50) NOT NULL,
  `id_clustering` varchar(50) NOT NULL,
  `nama_kelurahan` varchar(256) NOT NULL,
  `ncluster1_hasil` varchar(50) NOT NULL,
  `ncluster2_hasil` varchar(50) NOT NULL,
  `ncluster3_hasil` varchar(50) NOT NULL
) ENGINE=InnoDB DEFAULT CHARSET=utf8mb4;

--
-- Dumping data untuk tabel `tbl_clustering_hasil`
--

INSERT INTO `tbl_clustering_hasil` (`id_clustering_hasil`, `id_clustering`, `nama_kelurahan`, `ncluster1_hasil`, `ncluster2_hasil`, `ncluster3_hasil`) VALUES
('1fmR7Xtq3MKslWed2Iornhk40', 'gxDQLYJz5UnMh2i4jcC7TfmsdkKuA0', 'KEPARAKAN', '8', '8', '4'),
('1ocHMQDKptfy90jPEAvLd3gWw', 'gxDQLYJz5UnMh2i4jcC7TfmsdkKuA0', 'SOROSUTAN', '6', '10', '4'),
('2sgkOmvZNUorK4xw9XfYMqJnc', 'gxDQLYJz5UnMh2i4jcC7TfmsdkKuA0', 'PATANGPULUHAN', '9', '7', '4'),
('3DlWIxQy8JvUw2ABeKGsRYVMX', '6eAXJuj80IcznD23LTgaVd9PEFUx5Y', 'KADIPATEN', '5', '4', '1'),
('4CVdX1LSsFfRvWyMjKDEGwAOn', 'gxDQLYJz5UnMh2i4jcC7TfmsdkKuA0', 'NOTOPRAJAN', '8', '12', '0'),
('4FCbkM6THDXwaioN5WqLYu8AP', '6eAXJuj80IcznD23LTgaVd9PEFUx5Y', 'TAHUNAN', '2', '5', '3'),
('4tLsnYkH06fFITCV3uaZlmoXb', '6eAXJuj80IcznD23LTgaVd9PEFUx5Y', 'GIWANGAN', '9', '1', '0'),
('5Qqos0MWFwvuTtSNbcCURIn4x', '6eAXJuj80IcznD23LTgaVd9PEFUx5Y', 'MANTRIJERON', '0', '5', '5'),
('5rEFHoRkl6fTPBM7XYQS2Z1qx', 'gxDQLYJz5UnMh2i4jcC7TfmsdkKuA0', 'PRAWIRODIRJAN', '8', '8', '4'),
('6avrkJYNCxfcWXRDyuKGsE7w2', 'gxDQLYJz5UnMh2i4jcC7TfmsdkKuA0', 'DEMANGAN', '6', '7', '5'),
('760DES2sbPuApK9nh4fxYRjOC', 'gxDQLYJz5UnMh2i4jcC7TfmsdkKuA0', 'KOTABARU', '8', '4', '8'),
('7EtSawnRPpx6YkWh9scLge0d3', 'gxDQLYJz5UnMh2i4jcC7TfmsdkKuA0', 'WIROBRAJAN', '9', '5', '6'),
('9Q7HP6gTbdlNEwvcOo42zXfBI', '6eAXJuj80IcznD23LTgaVd9PEFUx5Y', 'PRINGGOKUSUMAN', '6', '4', '0'),
('9vHtCOsxfJLU42F8MZYN5bXjI', '6eAXJuj80IcznD23LTgaVd9PEFUx5Y', 'KRICAK', '6', '2', '2'),
('a4FfkDRP9iQCHLdTMIcJwG62A', 'gxDQLYJz5UnMh2i4jcC7TfmsdkKuA0', 'KADIPATEN', '12', '6', '2'),
('aONfuei0AGQpvCBx7YmMkUK5F', 'gxDQLYJz5UnMh2i4jcC7TfmsdkKuA0', 'TERBAN', '10', '6', '4'),
('AsnPpQqawMXKDIRo4GiZ6BOku', 'gxDQLYJz5UnMh2i4jcC7TfmsdkKuA0', 'MANTRIJERON', '2', '10', '8'),
('BDieydozh0RSUXY2vVNcwPMZq', 'gxDQLYJz5UnMh2i4jcC7TfmsdkKuA0', 'SURYATMAJAN', '8', '4', '6'),
('BFYsvUwLqNyCeaxQ2pV5tOJ7l', '6eAXJuj80IcznD23LTgaVd9PEFUx5Y', 'REJOWINANGUN', '3', '5', '2'),
('BJD7kRE4KFdO9AyCoe2Hus0zx', '6eAXJuj80IcznD23LTgaVd9PEFUx5Y', 'KLITREN', '0', '6', '4'),
('Bz4Lfl0I6HP9bQw3DVcNrvERs', '6eAXJuj80IcznD23LTgaVd9PEFUx5Y', 'PATANGPULUHAN', '4', '4', '2'),
('c6RMEUvVJHnZmIak0sjiFPYO7', 'gxDQLYJz5UnMh2i4jcC7TfmsdkKuA0', 'PRENGGAN', '16', '2', '2'),
('CBQlUt6qbsafyjYEdA9zGKx45', 'gxDQLYJz5UnMh2i4jcC7TfmsdkKuA0', 'NGAMPILAN', '12', '6', '2'),
('crNv7mwB02Vi8hYGEKO9g3oA1', 'gxDQLYJz5UnMh2i4jcC7TfmsdkKuA0', 'PANDEYAN', '16', '0', '4'),
('CWHliyjBEGOuIxpsNocMFgzmd', '6eAXJuj80IcznD23LTgaVd9PEFUx5Y', 'SEMAKI', '4', '2', '4'),
('Dhdi8HR0v43XqaO61PNT7KsUV', 'gxDQLYJz5UnMh2i4jcC7TfmsdkKuA0', 'SURYODININGRATAN', '6', '8', '6'),
('DXZSaxPis12l7TcKIBr8Vz3yf', 'gxDQLYJz5UnMh2i4jcC7TfmsdkKuA0', 'TEGALPANGGUNG', '11', '1', '8'),
('fBNCs7cQkq4yD8lXb6dYau52e', 'gxDQLYJz5UnMh2i4jcC7TfmsdkKuA0', 'GIWANGAN', '18', '2', '0'),
('fFqK7P3sWCQkjXLxp5MwlgRJn', '6eAXJuj80IcznD23LTgaVd9PEFUx5Y', 'PURWOKINANTI', '3', '4', '3'),
('FKdyoa7jIxqh9MzN2Zl1H3VrY', '6eAXJuj80IcznD23LTgaVd9PEFUx5Y', 'GEDONGKIWO', '1', '4', '5'),
('FSp5jgfXL0cE2hzO7AbQrn3JR', 'gxDQLYJz5UnMh2i4jcC7TfmsdkKuA0', 'KLITREN', '1', '12', '7'),
('fXs2GDde5V1voIkgunRHyJSPj', 'gxDQLYJz5UnMh2i4jcC7TfmsdkKuA0', 'PANEMBAHAN', '8', '2', '10'),
('G5QCkazx8HDpEP0RFNqMsd6TK', '6eAXJuj80IcznD23LTgaVd9PEFUx5Y', 'BRONTOKUSUMAN', '4', '2', '4'),
('GcKrimy12blFHXg6WRx3Y5tZo', '6eAXJuj80IcznD23LTgaVd9PEFUx5Y', 'WIROBRAJAN', '3', '4', '3'),
('GKkqiZBhXySvH4azepJW1FEd9', 'gxDQLYJz5UnMh2i4jcC7TfmsdkKuA0', 'GEDONGKIWO', '6', '8', '6'),
('hcBJIoV820WRjweDuptLFv3bA', 'gxDQLYJz5UnMh2i4jcC7TfmsdkKuA0', 'BUMIJO', '10', '6', '4'),
('HYzOW0uGgF8XZtxUjQcwqpyn9', 'gxDQLYJz5UnMh2i4jcC7TfmsdkKuA0', 'PURBAYAN', '10', '4', '6'),
('iMGjZkPozWnwbDNgFe7LHhKYV', '6eAXJuj80IcznD23LTgaVd9PEFUx5Y', 'NOTOPRAJAN', '4', '6', '0'),
('JsHEaZ0kflPNyLW4RjeSOMrXm', 'gxDQLYJz5UnMh2i4jcC7TfmsdkKuA0', 'SEMAKI', '8', '4', '8'),
('kML3AWgEvjQKIsXuDqecNbx2S', '6eAXJuj80IcznD23LTgaVd9PEFUx5Y', 'SOSROMENDURAN', '1', '4', '5'),
('ks6KL78N0vdtax5PfEJ1ec4VU', '6eAXJuj80IcznD23LTgaVd9PEFUx5Y', 'TEGALREJO', '6', '4', '0'),
('mYuA6KIhPxVJfBTn2dw5ijSvz', 'gxDQLYJz5UnMh2i4jcC7TfmsdkKuA0', 'KARANGWARU', '8', '10', '2'),
('nJuTzVUQxyHolvh1jia0SDNXW', '6eAXJuj80IcznD23LTgaVd9PEFUx5Y', 'PRAWIRODIRJAN', '4', '4', '2'),
('nSHQ7RNbktpDU6EVdmozaATux', '6eAXJuj80IcznD23LTgaVd9PEFUx5Y', 'BUMIJO', '5', '3', '2'),
('OBHiaSb0cRVr7yZpjh52AqU8s', '6eAXJuj80IcznD23LTgaVd9PEFUx5Y', 'SURYODININGRATAN', '3', '4', '3'),
('Oh7x2uKQ0dWlgZLs3cnDIGiBq', '6eAXJuj80IcznD23LTgaVd9PEFUx5Y', 'BAUSASRAN', '3', '5', '2'),
('OZdeyrnmpio0kt1wcWl8gBaQ5', 'gxDQLYJz5UnMh2i4jcC7TfmsdkKuA0', 'BRONTOKUSUMAN', '7', '3', '10'),
('PQArynmdLxlcNBWiaqXvSo6IF', 'gxDQLYJz5UnMh2i4jcC7TfmsdkKuA0', 'GOWONGAN', '7', '6', '7'),
('PS6acmLdBlMyTZbvR4tuEOzn7', 'gxDQLYJz5UnMh2i4jcC7TfmsdkKuA0', 'PATEHAN', '10', '6', '4'),
('Qvy9kE6dqnafpcebOTjGiYw5I', 'gxDQLYJz5UnMh2i4jcC7TfmsdkKuA0', 'COKRODININGRATAN', '7', '7', '6'),
('QXnPEc6iKeDtYVdakuoSZjp5l', '6eAXJuj80IcznD23LTgaVd9PEFUx5Y', 'GOWONGAN', '3', '3', '4'),
('RJwhM57QuXZ4camgFjH3B1qrf', 'gxDQLYJz5UnMh2i4jcC7TfmsdkKuA0', 'MUJAMUJU', '8', '6', '6'),
('rTGk6Ml5aR4hyNsVWv9jtzPUu', '6eAXJuj80IcznD23LTgaVd9PEFUx5Y', 'NGAMPILAN', '6', '3', '1'),
('RZeBXTf9q5tUQjh43H7nDiWry', '6eAXJuj80IcznD23LTgaVd9PEFUx5Y', 'PANDEYAN', '8', '0', '2'),
('S9bKQMeE8jNwyp5lx0adqI2zB', '6eAXJuj80IcznD23LTgaVd9PEFUx5Y', 'KOTABARU', '4', '2', '4'),
('sFIyAGOMWQBt4JlqZ7YNE2g8u', '6eAXJuj80IcznD23LTgaVd9PEFUx5Y', 'TERBAN', '5', '3', '2'),
('SQNtY763OkgFrPqse1KE5XZyD', '6eAXJuj80IcznD23LTgaVd9PEFUx5Y', 'BACIRO', '4', '5', '2'),
('SXCQLEe0Zr9A6PD4HVzqalG1o', 'gxDQLYJz5UnMh2i4jcC7TfmsdkKuA0', 'PRINGGOKUSUMAN', '11', '9', '0'),
('T9qvr5WcPfAHQyL0SxYaBnZez', '6eAXJuj80IcznD23LTgaVd9PEFUx5Y', 'SOROSUTAN', '3', '5', '2'),
('TCsfcr7UIkGjqvKNZO9wVLSy1', '6eAXJuj80IcznD23LTgaVd9PEFUx5Y', 'DEMANGAN', '3', '3', '3'),
('tJN5Ggb2TAme7Ph1OQuiXzrd8', 'gxDQLYJz5UnMh2i4jcC7TfmsdkKuA0', 'TEGALREJO', '12', '8', '0'),
('tNTgmsihXz0w4e7puGRPDJdCv', 'gxDQLYJz5UnMh2i4jcC7TfmsdkKuA0', 'PAKUNCEN', '6', '10', '4'),
('TOSmbGrWfaVdgIQM2uzB1yvXc', '6eAXJuj80IcznD23LTgaVd9PEFUx5Y', 'TEGALPANGGUNG', '5', '1', '4'),
('TphmoqZIMF84njiuHEKOel6BY', '6eAXJuj80IcznD23LTgaVd9PEFUx5Y', 'KEPARAKAN', '4', '4', '2'),
('typXjF14dWrO7xDUw8Q6CLi5K', '6eAXJuj80IcznD23LTgaVd9PEFUx5Y', 'WARUNGBOTO', '1', '5', '4'),
('UajgqtfJTyckI7R2VZhdEYOn5', 'gxDQLYJz5UnMh2i4jcC7TfmsdkKuA0', 'KRICAK', '11', '4', '5'),
('UGSeHvnfN6OcbgEaITs9Kzwxr', 'gxDQLYJz5UnMh2i4jcC7TfmsdkKuA0', 'PURWOKINANTI', '7', '7', '6'),
('UJMgZTxYeC2prq9ER5WALkoyO', 'gxDQLYJz5UnMh2i4jcC7TfmsdkKuA0', 'BAUSASRAN', '5', '10', '5'),
('UnEYdAvmsDR2LoIC1VtKeZifW', 'gxDQLYJz5UnMh2i4jcC7TfmsdkKuA0', 'NGUPASAN', '11', '7', '2'),
('UYBqG7Jsoetad10S8C6R9VhNc', 'gxDQLYJz5UnMh2i4jcC7TfmsdkKuA0', 'SOSROMENDURAN', '2', '6', '12'),
('vJsW1QhG0CdXnKmuVMgTB3Y4w', '6eAXJuj80IcznD23LTgaVd9PEFUx5Y', 'WIROGUNAN', '3', '2', '5'),
('vZonJryBuUiaDQClP4SsmOp1w', '6eAXJuj80IcznD23LTgaVd9PEFUx5Y', 'PAKUNCEN', '3', '5', '2'),
('wALBCTz8DKUmGrIfQYgtd6c3R', 'gxDQLYJz5UnMh2i4jcC7TfmsdkKuA0', 'TAHUNAN', '3', '10', '7'),
('wc5VDdtxElMpmnrWOFsY6ke02', '6eAXJuj80IcznD23LTgaVd9PEFUx5Y', 'PURBAYAN', '5', '2', '3'),
('Wi7108RQZAD9ayqpBVNwHvFdo', 'gxDQLYJz5UnMh2i4jcC7TfmsdkKuA0', 'BACIRO', '5', '12', '5'),
('wS8pU5JTuVmZc20otxiO3BXIH', 'gxDQLYJz5UnMh2i4jcC7TfmsdkKuA0', 'REJOWINANGUN', '6', '10', '4'),
('wZ29mhsSYrqEaIP1Vbvd847xN', 'gxDQLYJz5UnMh2i4jcC7TfmsdkKuA0', 'WIROGUNAN', '6', '4', '10'),
('XaZmyKTPNC8W6dFhzpifgSG9B', '6eAXJuj80IcznD23LTgaVd9PEFUx5Y', 'COKRODININGRATAN', '3', '4', '3'),
('XDCmar3G7Z4kyVxdezqNSIlF9', '6eAXJuj80IcznD23LTgaVd9PEFUx5Y', 'PANEMBAHAN', '4', '1', '5'),
('Xft5xZBhk092U1I7bFYylV6Gp', '6eAXJuj80IcznD23LTgaVd9PEFUx5Y', 'SURYATMAJAN', '4', '2', '3'),
('xla0Ud7YRnkL5yVJP1bD4ImzW', 'gxDQLYJz5UnMh2i4jcC7TfmsdkKuA0', 'WARUNGBOTO', '5', '8', '7'),
('YhUXzgIDOyaZFdkoH5MVvi3sN', '6eAXJuj80IcznD23LTgaVd9PEFUx5Y', 'PRENGGAN', '8', '1', '1'),
('yL5BTYjDHzMvW3VXab0tndeQo', '6eAXJuj80IcznD23LTgaVd9PEFUx5Y', 'NGUPASAN', '5', '4', '1'),
('YSb7q5rUiT2DdycHW0GKzlM1E', '6eAXJuj80IcznD23LTgaVd9PEFUx5Y', 'KARANGWARU', '4', '5', '1'),
('ZTy2bOABvopPwzFX4UWKc680k', '6eAXJuj80IcznD23LTgaVd9PEFUx5Y', 'PATEHAN', '3', '5', '2'),
('ZvPEBMdo3YeDk7hpuNRlzgGJS', '6eAXJuj80IcznD23LTgaVd9PEFUx5Y', 'MUJAMUJU', '4', '3', '3');

-- --------------------------------------------------------

--
-- Struktur dari tabel `tbl_pemilih`
--

CREATE TABLE `tbl_pemilih` (
  `id_pemilih` varchar(50) NOT NULL,
  `nik_pemilih` varchar(256) NOT NULL,
  `nama_pemilih` varchar(256) NOT NULL,
  `lahir_pemilih` varchar(256) NOT NULL,
  `tgl_lahir_pemilih` date NOT NULL,
  `perkawinan_pemilih` int(1) NOT NULL,
  `gender_pemilih` int(1) NOT NULL,
  `difable_pemilih` int(1) NOT NULL,
  `alamat_pemilih` text NOT NULL,
  `kecamatan_pemilih` varchar(256) NOT NULL,
  `kelurahan_pemilih` varchar(256) NOT NULL,
  `rw_pemilih` varchar(10) NOT NULL,
  `rt_pemilih` varchar(10) NOT NULL,
  `id_tps` varchar(10) NOT NULL,
  `domisili_pemilih` int(1) NOT NULL,
  `id_user` varchar(50) DEFAULT NULL,
  `created_pemilih` timestamp NOT NULL DEFAULT current_timestamp()
) ENGINE=InnoDB DEFAULT CHARSET=utf8mb4;

--
-- Dumping data untuk tabel `tbl_pemilih`
--

INSERT INTO `tbl_pemilih` (`id_pemilih`, `nik_pemilih`, `nama_pemilih`, `lahir_pemilih`, `tgl_lahir_pemilih`, `perkawinan_pemilih`, `gender_pemilih`, `difable_pemilih`, `alamat_pemilih`, `kecamatan_pemilih`, `kelurahan_pemilih`, `rw_pemilih`, `rt_pemilih`, `id_tps`, `domisili_pemilih`, `id_user`, `created_pemilih`) VALUES
('0dFkaeHAXKuO1wV2sUN3qnEipWrJZ7', '160439', 'SUMARMI', 'BANTUL', '1983-12-20', 1, 0, 0, 'RT 5/ RW2, Kelurahan BENER,TEGALREJO Kota Yogyakarta, DIY', 'TEGALREJO', 'BENER', '2', '5', '4', 1, NULL, '2022-04-11 21:33:33'),
('0Jqp2Pobtre5Y4EVmvxiynKsWdafGz', '99663', 'TJUT ACEH DWI AYU P', 'ACEH', '1990-07-31', 1, 0, 0, 'RT 2/ RW1, Kelurahan NGAMPILAN,NGAMPILAN Kota Yogyakarta, DIY', 'UMBULHARJO', 'SOROSUTAN', '3', '2', '7', 1, 't6YxVjhd95FEsZcPN0bg78kiR', '2022-04-11 21:33:33'),
('0puLxF2CvNDO19SeJXHzi56U8P43yV', '185534', 'AMY MONE VERONIKA', 'MAROS', '1968-09-24', 1, 0, 0, 'RT 10/ RW3, Kelurahan MUJAMUJU,UMBULHARJO Kota Yogyakarta, DIY', 'UMBULHARJO', 'MUJAMUJU', '3', '10', '8', 1, NULL, '2022-04-11 21:33:33'),
('0Uf7PbhmDpZlA2wkYEBt8LvTHQ9MIn', '374208', 'PARIANG SIMANJUNTAK', 'MEDAN', '1952-07-07', 1, 0, 0, 'RT 2/ RW1, Kelurahan KRICAK,TEGALREJO Kota Yogyakarta, DIY', 'TEGALREJO', 'KRICAK', '1', '2', '4', 1, NULL, '2022-04-11 21:33:33'),
('0XBJRH9jb6DhyPSNMZYUa8Wqifug7t', '183782', 'ANASTASIA NGADIYEM', 'YOGYAKARTA', '1955-01-01', 1, 0, 0, 'RT 4/ RW2, Kelurahan MUJAMUJU,UMBULHARJO Kota Yogyakarta, DIY', 'UMBULHARJO', 'MUJAMUJU', '2', '4', '4', 1, NULL, '2022-04-11 21:33:33'),
('1D7kMsagWn0x9eEfK3BSdCYUbV28mQ', '99681', 'M. Y. DANAR APRILAWANDA, S.KOM.I', 'NGAWI', '1993-04-16', 1, 1, 0, 'RT 3/ RW1, Kelurahan NGAMPILAN,NGAMPILAN Kota Yogyakarta, DIY', 'NGAMPILAN', 'NGAMPILAN', '1', '3', '2', 1, NULL, '2022-04-11 21:33:33'),
('1dqD7wMByhnKWtki2O5JjaRIGoFzrv', '101874', 'NITA SORAYA', 'YOGYAKARTA', '1993-06-23', 1, 0, 0, 'RT 3/ RW1, Kelurahan PATANGPULUHAN,WIROBRAJAN Kota Yogyakarta, DIY', 'WIROBRAJAN', 'PATANGPULUHAN', '1', '3', '2', 1, NULL, '2022-04-11 21:33:33'),
('1JKdvHABoipQMbN2eDfkjyqg0TsS5c', '294561', 'PURWANITA FITRIATI  SE', 'YOGYAKARTA', '1966-02-15', 1, 0, 0, 'RT 7/ RW2, Kelurahan REJOWINANGUN,KOTAGEDE Kota Yogyakarta, DIY', 'KOTAGEDE', 'REJOWINANGUN', '2', '7', '4', 1, NULL, '2022-04-11 21:33:33'),
('1KcCoT45vey0HXqWZs3PFdRkEmAl2r', '31961', 'SAYEMI', 'PURWOREJO', '1957-04-03', 1, 0, 0, 'RT 4/ RW2, Kelurahan PURBAYAN,KOTAGEDE Kota Yogyakarta, DIY', 'KOTAGEDE', 'PURBAYAN', '2', '4', '3', 1, NULL, '2022-04-11 21:33:33'),
('1kgd7JuQLhyoO3ZVIiAUBsGtHwvMfq', '158146', 'HARIYANTI', 'SUMATERA', '1958-12-12', 1, 0, 0, 'RT 4/ RW2, Kelurahan DEMANGAN,GONDOKUSUMAN Kota Yogyakarta, DIY', 'GONDOKUSUMAN', 'DEMANGAN', '2', '4', '3', 1, NULL, '2022-04-11 21:33:33'),
('1KHzwo5fa37I2NCQrMmFGnqebPLyXV', '426085', 'WULANNINGSIH', 'CILACAP', '1932-07-07', 1, 0, 0, 'RT 8/ RW3, Kelurahan BUMIJO,JETIS Kota Yogyakarta, DIY', 'JETIS', 'BUMIJO', '3', '8', '5', 1, NULL, '2022-04-11 21:33:33'),
('1qzmiToKpauyg3x70NI9vO4FelAUPE', '138762', 'SETYO TOHARI C', 'KEDIRI', '1975-01-14', 1, 1, 0, 'RT 10/ RW4, Kelurahan PANEMBAHAN,KRATON Kota Yogyakarta, DIY', 'KRATON', 'PANEMBAHAN', '4', '10', '5', 1, NULL, '2022-04-11 21:33:33'),
('1wK0ekjfO74IxEo3BrQmuTzyHGYR6S', '374230', 'DWI RISMA AGUSTINA', 'TEGAL', '1998-08-15', 1, 0, 0, 'RT 7/ RW2, Kelurahan KRICAK,TEGALREJO Kota Yogyakarta, DIY', 'TEGALREJO', 'KRICAK', '2', '7', '8', 1, NULL, '2022-04-11 21:33:33'),
('248XJH95okPW71lUKnYxtrguFei3w0', '349737', 'ARYA PRASETYADI, S.T', 'YOGYAKARTA', '1989-10-29', 1, 1, 0, 'RT 8/ RW3, Kelurahan TEGALREJO,TEGALREJO Kota Yogyakarta, DIY', 'TEGALREJO', 'TEGALREJO', '3', '8', '6', 1, NULL, '2022-04-11 21:33:33'),
('25CdTf1xLzJRQkcDvjAt3SgoUlp8WO', '349733', 'ELISA CHRISTIAN ADHIE', 'YOGYAKARTA', '1999-12-02', 0, 1, 0, 'RT 9/ RW3, Kelurahan TEGALREJO,TEGALREJO Kota Yogyakarta, DIY', 'TEGALREJO', 'TEGALREJO', '3', '9', '6', 1, NULL, '2022-04-11 21:33:33'),
('265NlACYU3Vp4XaTRhZFdkoEQ9nq10', '293658', 'BAYU PRASTOWO SAPUTRO', 'YOGYAKARTA', '1991-07-01', 0, 1, 0, 'RT 5/ RW2, Kelurahan REJOWINANGUN,KOTAGEDE Kota Yogyakarta, DIY', 'KOTAGEDE', 'REJOWINANGUN', '2', '5', '3', 1, NULL, '2022-04-11 21:33:33'),
('26XyksOu1AKNYTz0xpflQ4EFZHcWvC', '158135', 'HASIAH', 'PALEMBANG', '1987-01-06', 1, 0, 0, 'RT 2/ RW1, Kelurahan DEMANGAN,GONDOKUSUMAN Kota Yogyakarta, DIY', 'GONDOKUSUMAN', 'DEMANGAN', '1', '2', '2', 1, NULL, '2022-04-11 21:33:33'),
('2dn9Kya1xbmzMfpNrHDSPB7qlFOjie', '283049', 'YUNIARTI PURWANINGSIH', 'YOGYAKARTA', '1988-09-07', 1, 0, 0, 'RT 5/ RW2, Kelurahan KARANGWARU,TEGALREJO Kota Yogyakarta, DIY', 'TEGALREJO', 'KARANGWARU', '2', '5', '4', 1, NULL, '2022-04-11 21:33:33'),
('2f314s6lCwIqKYFy5WGQZNkote7b0D', '1678', 'DHAKA GALIH PRATAMA', 'METRO', '1988-12-24', 1, 1, 0, 'RT 8/ RW2, Kelurahan SOSROMENDURAN,GEDONGTENGEN Kota Yogyakarta, DIY', 'GEDONGTENGEN', 'SOSROMENDURAN', '2', '8', '5', 1, NULL, '2022-04-11 21:33:33'),
('2I1FCa04nAs9MfSDLtQEXqu83izp5w', '348270', 'BAGAS WAHYU PRASETYO', 'YOGYAKARTA', '2001-12-20', 0, 1, 0, 'RT 6/ RW2, Kelurahan PANDEYAN,UMBULHARJO Kota Yogyakarta, DIY', 'UMBULHARJO', 'PANDEYAN', '2', '6', '4', 1, NULL, '2022-04-11 21:33:33'),
('2i5V9DqxAJFhN6ecrSkXpdt7OWuRTg', '291650', 'M. SIDHI TRISWANDANA', 'PALEMBANG', '1986-02-24', 0, 1, 0, 'RT 3/ RW1, Kelurahan REJOWINANGUN,KOTAGEDE Kota Yogyakarta, DIY', 'KOTAGEDE', 'REJOWINANGUN', '1', '3', '1', 1, NULL, '2022-04-11 21:33:33'),
('2ldMsXv1DkpINKFzBSqJah8RUyfLic', '336637', 'SUDIRMAN AMBA', 'ENDE', '1964-12-24', 1, 1, 0, 'RT 5/ RW1, Kelurahan GOWONGAN,JETIS Kota Yogyakarta, DIY', 'JETIS', 'GOWONGAN', '1', '5', '2', 1, NULL, '2022-04-11 21:33:33'),
('2VGWm3nvPwEsH8biFBCfp6kcQoLlYj', '295285', 'CLOISNA CAHYA DAMARA', 'BOGOR', '1998-12-09', 0, 1, 0, 'RT 9/ RW3, Kelurahan REJOWINANGUN,KOTAGEDE Kota Yogyakarta, DIY', 'KOTAGEDE', 'REJOWINANGUN', '3', '9', '5', 1, NULL, '2022-04-11 21:33:33'),
('2wKXtruzpxqWoCsf5MJaLTceiBENgb', '279305', 'Lusiana Taufik', 'Bandung', '1980-06-18', 1, 0, 0, 'RT 1/ RW1, Kelurahan KADIPATEN,KRATON Kota Yogyakarta, DIY', 'KRATON', 'KADIPATEN', '1', '1', '1', 1, NULL, '2022-04-11 21:33:33'),
('2yUdtKbLNaquCGFl7Jx4sVweohZvz6', '395008', 'AGNES JUSTINA JAMIAH', 'YOGYAKARTA', '1956-06-01', 1, 0, 0, 'RT 8/ RW2, Kelurahan KEPARAKAN,MERGANGSAN Kota Yogyakarta, DIY', 'MERGANGSAN', 'KEPARAKAN', '2', '8', '5', 1, NULL, '2022-04-11 21:33:33'),
('3bUCc5yq0PTv2uXjEdN7gGDoQWKwx9', '312256', 'NOVIANI', 'YOGYAKARTA', '1988-11-15', 0, 0, 0, 'RT 5/ RW1, Kelurahan PURWOKINANTI,PAKUALAMAN Kota Yogyakarta, DIY', 'PAKUALAMAN', 'PURWOKINANTI', '1', '5', '3', 1, NULL, '2022-04-11 21:33:33'),
('3C1lJtx46s50oIWcEwugf7NXYZOhp9', '4424', 'THEODORA GRACE PARAMASTI', 'YOGYAKARTA', '2001-02-01', 0, 0, 0, 'RT 6/ RW2, Kelurahan NGUPASAN,GONDOMANAN Kota Yogyakarta, DIY', 'GONDOMANAN', 'NGUPASAN', '2', '6', '2', 1, NULL, '2022-04-11 21:33:33'),
('3LcCS5ub7p1N8AZXWRJMrHQqs60Ywe', '384828', 'GALIH TANUGRAHA', 'BANJARMASIN', '1986-06-10', 1, 1, 0, 'RT 10/ RW3, Kelurahan MANTRIJERON,MANTRIJERON Kota Yogyakarta, DIY', 'MANTRIJERON', 'MANTRIJERON', '3', '10', '4', 1, NULL, '2022-04-11 21:33:33'),
('3s5e6THYxAIkLfMplSmUJ4j8Oqd9ba', '100224', 'EKO RIYANTO', 'YOGYAKARTA', '1985-03-06', 1, 1, 0, 'RT 10/ RW2, Kelurahan NOTOPRAJAN,NGAMPILAN Kota Yogyakarta, DIY', 'NGAMPILAN', 'NOTOPRAJAN', '2', '10', '6', 1, NULL, '2022-04-11 21:33:33'),
('3SqoAGTwRBjzuFrNO6nDJplPHU7M4Z', '295443', 'NY. SUPRIYATUN', 'YOGYAKARTA', '1974-04-24', 1, 0, 0, 'RT 10/ RW3, Kelurahan REJOWINANGUN,KOTAGEDE Kota Yogyakarta, DIY', 'KOTAGEDE', 'REJOWINANGUN', '3', '10', '5', 1, NULL, '2022-04-11 21:33:33'),
('4365HMFV80pGxEYfi9uwghnqeQDUmv', '231332', 'INDY BAGAS PRATAMA', 'YOGYAKARTA', '1996-09-14', 0, 1, 0, 'RT 7/ RW3, Kelurahan PURBAYAN,KOTAGEDE Kota Yogyakarta, DIY', 'KOTAGEDE', 'PURBAYAN', '3', '7', '5', 1, NULL, '2022-04-11 21:33:33'),
('45SANytbc0R8EoLpMfs3dXQUrkZDnu', '341547', 'SETYO MEGA BUANA', 'YOGYAKARTA', '1972-05-28', 1, 1, 0, 'RT 5/ RW2, Kelurahan GUNUNGKETUR,PAKUALAMAN Kota Yogyakarta, DIY', 'PAKUALAMAN', 'GUNUNGKETUR', '2', '5', '2', 1, NULL, '2022-04-11 21:33:33'),
('4jGwXuzkENCJyY0B6WQxb8Ipo7HSFh', '138728', 'MUH RASIS SURYA PRATAMA', 'YOGYAKARTA', '1990-07-13', 1, 1, 0, 'RT 6/ RW2, Kelurahan PANEMBAHAN,KRATON Kota Yogyakarta, DIY', 'KRATON', 'PANEMBAHAN', '2', '6', '3', 1, NULL, '2022-04-11 21:33:33'),
('4jiTKfJOVAErCaXInUmWYuLt8epDxR', '294712', 'TJONG SHEAN LIANG', 'YOGYAKARTA', '1955-03-14', 1, 1, 0, 'RT 8/ RW3, Kelurahan REJOWINANGUN,KOTAGEDE Kota Yogyakarta, DIY', 'KOTAGEDE', 'REJOWINANGUN', '3', '8', '36', 1, NULL, '2022-04-11 21:33:33'),
('4o1UPQSC5gtBymc02bdh3JM8XiqADu', '1809', 'ANDI SAPUTRO , SE', 'BANTUL', '1984-01-22', 1, 1, 0, 'RT 1/ RW1, Kelurahan PRINGGOKUSUMAN,GEDONGTENGEN Kota Yogyakarta, DIY', 'GEDONGTENGEN', 'PRINGGOKUSUMAN', '1', '1', '1', 1, NULL, '2022-04-11 21:33:33'),
('4Vtkb5T9jBAKz3y8redLnla27WqxwY', '98512', 'RANDI ELEXANDER SIAHAAN', 'TARUTUNG', '1995-03-29', 0, 1, 0, 'RT 6/ RW2, Kelurahan BUMIJO,JETIS Kota Yogyakarta, DIY', 'JETIS', 'BUMIJO', '2', '6', '4', 1, NULL, '2022-04-11 21:33:33'),
('54bA1ePOYSELouGW3vkDXnMKdtIfr7', '377673', 'RA VIVIEN KUSUMOWARDHANI', 'JEMBER', '1969-03-13', 0, 0, 0, 'RT 4/ RW3, Kelurahan KOTABARU,GONDOKUSUMAN Kota Yogyakarta, DIY', 'GONDOKUSUMAN', 'KOTABARU', '3', '4', '3', 1, NULL, '2022-04-11 21:33:33'),
('5H7ImtAsioY8w9OLgCFjDKhMRUyPSX', '18721', 'YULFIA RAHMAWATI', 'YOGYAKARTA', '2001-07-05', 0, 0, 0, 'RT 2/ RW1, Kelurahan GIWANGAN,UMBULHARJO Kota Yogyakarta, DIY', 'UMBULHARJO', 'GIWANGAN', '1', '2', '2', 1, NULL, '2022-04-11 21:33:33'),
('5ngFOTo2zYJmrcSMDtL7ibGu8jfXKZ', '284847', 'ENDANG SETYOWATI', 'PACITAN', '1964-01-18', 1, 0, 0, 'RT 4/ RW2, Kelurahan BRONTOKUSUMAN,MERGANGSAN Kota Yogyakarta, DIY', 'MERGANGSAN', 'BRONTOKUSUMAN', '2', '4', '2', 1, NULL, '2022-04-11 21:33:33'),
('5SO78h2aPkpWJq6uj9r4cmUMvFYidN', '243739', 'LIFA ALIA', 'TUBAN', '1966-04-20', 1, 0, 0, 'RT 5/ RW2, Kelurahan BACIRO,GONDOKUSUMAN Kota Yogyakarta, DIY', 'GONDOKUSUMAN', 'BACIRO', '2', '5', '3', 1, NULL, '2022-04-11 21:33:33'),
('5YSaNKfXxgOpTGItkhnLimovq49Hlb', '18727', 'FENDY FEBRIANTO', 'YOGYAKARTA', '2000-02-18', 0, 1, 0, 'RT 10/ RW4, Kelurahan GIWANGAN,UMBULHARJO Kota Yogyakarta, DIY', 'UMBULHARJO', 'GIWANGAN', '4', '10', '5', 1, NULL, '2022-04-11 21:33:33'),
('5YZlhzP8kUoKa326BjvxmLw0eJHSQd', '349870', 'DIO ACHMAD ZAENUDIN', 'INDRAMAYU', '1961-10-27', 1, 1, 0, 'RT 5/ RW2, Kelurahan PANDEYAN,UMBULHARJO Kota Yogyakarta, DIY', 'UMBULHARJO', 'PANDEYAN', '2', '5', '3', 1, NULL, '2022-04-11 21:33:33'),
('6AlcbvmHswrXVq2KIxjfZhU7341TDi', '282653', 'MUARFAH', 'TRENGGALEK', '1977-11-17', 1, 0, 0, 'RT 3/ RW1, Kelurahan KARANGWARU,TEGALREJO Kota Yogyakarta, DIY', 'TEGALREJO', 'KARANGWARU', '1', '3', '3', 1, NULL, '2022-04-11 21:33:33'),
('6gchWMlJ3zLDaFrAoeOEC5YnUpV0m9', '218292', 'ADI PRANOTO  SE', 'MAGELANG', '1953-03-07', 1, 1, 0, 'RT 3/ RW1, Kelurahan COKRODININGRATAN,JETIS Kota Yogyakarta, DIY', 'JETIS', 'COKRODININGRATAN', '1', '3', '2', 1, 'IY4RHQnNZoF2jkm61qOSugDGc', '2022-04-11 21:33:33'),
('6lRo3HFAJwYKVsaLCgry0Nq7u4Pkhf', '374204', 'AYIK YUNIARTI', 'YOGYAKARTA', '1988-06-03', 1, 0, 0, 'RT 1/ RW1, Kelurahan KRICAK,TEGALREJO Kota Yogyakarta, DIY', 'TEGALREJO', 'KRICAK', '1', '1', '2', 1, NULL, '2022-04-11 21:33:33'),
('6LXS4oIPjrCOHvdcgMzumb1A2wVW0e', '336675', 'SUDJATMOKO', 'YOGYAKARTA', '1955-12-31', 1, 1, 0, 'RT 10/ RW2, Kelurahan GOWONGAN,JETIS Kota Yogyakarta, DIY', 'JETIS', 'GOWONGAN', '2', '10', '4', 1, NULL, '2022-04-11 21:33:33'),
('6RAuTfoC9kDsg1YxJFEhSL2re4w3dI', '127581', 'YUNITA IKE ANDI PRASETIYANTI', 'YOGYA', '1990-06-22', 1, 0, 0, 'RT 7/ RW2, Kelurahan WARUNGBOTO,UMBULHARJO Kota Yogyakarta, DIY', 'UMBULHARJO', 'WARUNGBOTO', '2', '7', '5', 1, NULL, '2022-04-11 21:33:34'),
('6yl1WE8bmXY4GjHZkcAeTQ2ha5oLJS', '339106', 'IDA NURHAYATI', 'LAMONGAN', '1981-05-08', 1, 0, 0, 'RT 2/ RW1, Kelurahan KLITREN,GONDOKUSUMAN Kota Yogyakarta, DIY', 'GONDOKUSUMAN', 'KLITREN', '1', '2', '1', 1, NULL, '2022-04-11 21:33:33'),
('74ScsQUMIwA56pOZT8qzdenrLBVKul', '374241', 'RUSTINAH', 'YOGYAKARTA', '1932-12-31', 1, 0, 0, 'RT 9/ RW2, Kelurahan KRICAK,TEGALREJO Kota Yogyakarta, DIY', 'TEGALREJO', 'KRICAK', '2', '9', '9', 1, NULL, '2022-04-11 21:33:33'),
('7LQ3zBflmJUM6hqRyrNGYD0WdC9TPS', '100214', 'RUBIYO', 'KULON PROGO', '1984-06-12', 1, 1, 0, 'RT 6/ RW1, Kelurahan NOTOPRAJAN,NGAMPILAN Kota Yogyakarta, DIY', 'NGAMPILAN', 'NOTOPRAJAN', '1', '6', '4', 1, NULL, '2022-04-11 21:33:33'),
('7neSTJdqLrYxRumf53t8UAXbcGKNO2', '279519', 'MUHAMMAD RIDHO', 'YOGYAKARTA', '1996-05-26', 0, 1, 0, 'RT 6/ RW1, Kelurahan KADIPATEN,KRATON Kota Yogyakarta, DIY', 'KRATON', 'KADIPATEN', '1', '6', '2', 1, NULL, '2022-04-11 21:33:33'),
('7p40FWOBg8XQlxiAm3PEICeZtbKhyd', '282176', 'MINANRNI', 'YOGYAKARTA', '1970-11-18', 1, 0, 0, 'RT 1/ RW1, Kelurahan KARANGWARU,TEGALREJO Kota Yogyakarta, DIY', 'TEGALREJO', 'KARANGWARU', '1', '1', '1', 1, NULL, '2022-04-11 21:33:33'),
('7vy0eO62KcCzno8fTjMbVPRUZEBqQY', '320099', 'ROBBY ANIANTO S', 'SLEMAN', '1990-03-03', 1, 1, 0, 'RT 9/ RW2, Kelurahan KOTABARU,GONDOKUSUMAN Kota Yogyakarta, DIY', 'GONDOKUSUMAN', 'KOTABARU', '2', '9', '3', 1, NULL, '2022-04-11 21:33:33'),
('7Z31d28Jtak09izR4IjbMBpYw6GNcT', '389968', 'MARIA KRISTANTI', 'YOGYAKARTA', '1979-03-31', 1, 0, 0, 'RT 4/ RW1, Kelurahan KEPARAKAN,MERGANGSAN Kota Yogyakarta, DIY', 'MERGANGSAN', 'KEPARAKAN', '1', '4', '2', 1, NULL, '2022-04-11 21:33:33'),
('869GYn3gcJRaNIHTjiD7OqdforkMp5', '283599', 'SUKIYEM', 'YOGYAKARTA', '1943-09-14', 1, 0, 0, 'RT 2/ RW1, Kelurahan BRONTOKUSUMAN,MERGANGSAN Kota Yogyakarta, DIY', 'MERGANGSAN', 'BRONTOKUSUMAN', '1', '2', '1', 1, NULL, '2022-04-11 21:33:33'),
('8A5kVZgeIS3C9TRi4Woz2MEG7nhtr1', '250481', 'ASIH RIYANTI', 'BANTUL', '1991-08-01', 1, 0, 0, 'RT 2/ RW1, Kelurahan TEGALPANGGUNG,DANUREJAN Kota Yogyakarta, DIY', 'DANUREJAN', 'TEGALPANGGUNG', '1', '2', '1', 1, NULL, '2022-04-11 21:33:33'),
('8C6AycLpGlEnsWrPOXa5zmYQvSRNx3', '253864', 'PUSPITA PERTIWI', 'YOGYAKARTA', '1991-10-07', 1, 0, 0, 'RT 4/ RW1, Kelurahan TEGALPANGGUNG,DANUREJAN Kota Yogyakarta, DIY', 'DANUREJAN', 'TEGALPANGGUNG', '1', '4', '2', 1, NULL, '2022-04-11 21:33:33'),
('8dJEyPhTNFnoLeSABVqC6jXi4Qcgwx', '99708', 'RIKAWATI', 'GUNUNG KIDUL', '1992-07-27', 1, 0, 0, 'RT 9/ RW2, Kelurahan NGAMPILAN,NGAMPILAN Kota Yogyakarta, DIY', 'NGAMPILAN', 'NGAMPILAN', '2', '9', '5', 1, NULL, '2022-04-11 21:33:33'),
('8gXcTWf0m12nBtJNsIoFAH9MZ54wRE', '286306', 'NONING MAS\'ANAH', 'JOMBANG', '1968-03-25', 1, 0, 0, 'RT 9/ RW3, Kelurahan BRONTOKUSUMAN,MERGANGSAN Kota Yogyakarta, DIY', 'MERGANGSAN', 'BRONTOKUSUMAN', '3', '9', '4', 1, NULL, '2022-04-11 21:33:33'),
('8imncsOE9Qtbpq7YeR3aToNkASulKL', '304027', 'DESI ERAWATI', 'BANTUL', '1993-12-07', 1, 0, 0, 'RT 1/ RW1, Kelurahan BUMIJO,JETIS Kota Yogyakarta, DIY', 'JETIS', 'BUMIJO', '1', '1', '1', 1, NULL, '2022-04-11 21:33:33'),
('8jMWYwlVrLxyGOh36ksCANE2bHpPBF', '226289', 'RATIH DEVINING YOLANDA', 'BATANG', '1995-10-01', 0, 0, 0, 'RT 2/ RW1, Kelurahan PRENGGAN,KOTAGEDE Kota Yogyakarta, DIY', 'KOTAGEDE', 'PRENGGAN', '1', '2', '1', 1, NULL, '2022-04-11 21:33:33'),
('8lQPd5REuYXVxOqcgaLjsB0Mnfvbyi', '304052', 'SATINEM', 'GUNUNG KIDUL', '1984-08-24', 1, 0, 0, 'RT 10/ RW3, Kelurahan BUMIJO,JETIS Kota Yogyakarta, DIY', 'JETIS', 'BUMIJO', '3', '10', '6', 1, NULL, '2022-04-11 21:33:33'),
('8qTP6E0igOLyCm3Xnk5dZD7Fw9uQbs', '180659', 'R. SEPTRI PUTRANTO', 'YOGYAKARTA', '2001-09-13', 0, 1, 0, 'RT 3/ RW1, Kelurahan SURYODININGRATAN,MANTRIJERON Kota Yogyakarta, DIY', 'MANTRIJERON', 'SURYODININGRATAN', '1', '3', '2', 1, NULL, '2022-04-11 21:33:33'),
('8s2pFDKQ9hPb3OxXmB0gT4qHYZ5LMi', '195108', 'CAHYO SRIYONO HADISUDIRO', 'YOGYAKARTA', '1978-09-28', 1, 1, 0, 'RT 7/ RW3, Kelurahan GEDONGKIWO,MANTRIJERON Kota Yogyakarta, DIY', 'MANTRIJERON', 'GEDONGKIWO', '3', '7', '3', 1, NULL, '2022-04-11 21:33:33'),
('8zorRgsPt1EByxITFcmd0q7VO6SUYj', '470480', 'AGATA VALENSIA PRIMA SAFIRA', 'YOGYAKARTA', '2002-02-10', 0, 0, 0, 'RT 10/ RW12, Kelurahan PRENGGAN,KOTAGEDE Kota Yogyakarta, DIY', 'KOTAGEDE', 'PRENGGAN', '12', '10', '32', 1, NULL, '2022-04-11 21:33:33'),
('9uCDeLEjbZW84MRhysp6Gv1dcV20aT', '460042', 'JULITA DIAN PRAMISTI', 'YOGYAKARTA', '2001-07-15', 0, 0, 0, 'RT 8/ RW2, Kelurahan PRENGGAN,KOTAGEDE Kota Yogyakarta, DIY', 'KOTAGEDE', 'PRENGGAN', '2', '8', '8', 1, NULL, '2022-04-11 21:33:33'),
('9XGwhVMp7TueJcELqzYZs16Ktd2UQx', '347380', 'IRFANA FAUZIAH , S.Pd., M.Sc.', 'KLATEN', '1971-12-24', 1, 0, 0, 'RT 1/ RW1, Kelurahan TERBAN,GONDOKUSUMAN Kota Yogyakarta, DIY', 'GONDOKUSUMAN', 'TERBAN', '1', '1', '1', 1, NULL, '2022-04-11 21:33:33'),
('A1WC3tDKu2xjqZBHPyIiwY0XaNV9fM', '292558', 'FITRI NUR ROCHANI', 'YOGYAKARTA', '1979-08-26', 1, 0, 0, 'RT 1/ RW1, Kelurahan TAHUNAN,UMBULHARJO Kota Yogyakarta, DIY', 'UMBULHARJO', 'TAHUNAN', '1', '1', '1', 1, NULL, '2022-04-11 21:33:33'),
('A3tKkjah1yD6s7JwZo2NWmxYFrPUI9', '180694', 'NITA NURASTUTI', 'SUKOHARJO', '1991-03-10', 1, 0, 0, 'RT 8/ RW3, Kelurahan SURYODININGRATAN,MANTRIJERON Kota Yogyakarta, DIY', 'MANTRIJERON', 'SURYODININGRATAN', '3', '8', '5', 1, NULL, '2022-04-11 21:33:33'),
('A8D2tP9F4IKrBEb3OxfJ6iNLqM0loc', '180645', 'DEWI NUR KHAYATI', 'YOGYAKARTA', '1988-01-14', 1, 0, 0, 'RT 2/ RW1, Kelurahan SURYODININGRATAN,MANTRIJERON Kota Yogyakarta, DIY', 'MANTRIJERON', 'SURYODININGRATAN', '1', '2', '1', 1, NULL, '2022-04-11 21:33:33'),
('AmBfNgyMHXrFv3YixCnWzSOqKLjlbG', '102363', 'WIDIARTO', 'YOGYAKARTA', '1985-05-24', 1, 1, 0, 'RT 8/ RW2, Kelurahan PAKUNCEN,WIROBRAJAN Kota Yogyakarta, DIY', 'WIROBRAJAN', 'PAKUNCEN', '2', '8', '6', 1, NULL, '2022-04-11 21:33:33'),
('Ano1qpzBU7PtS4mkIaRMxDFY2g68Zs', '102383', 'AQUARIUS YOELIANAWATI', 'YOGYAKARTA', '1971-03-14', 1, 0, 0, 'RT 9/ RW2, Kelurahan PAKUNCEN,WIROBRAJAN Kota Yogyakarta, DIY', 'WIROBRAJAN', 'PAKUNCEN', '2', '9', '7', 1, NULL, '2022-04-11 21:33:33'),
('ApYNP4oSG5Thr7gqBkwQ1uamieydcv', '388839', 'ARIYANTO', 'YOGYAKARTA', '1978-02-17', 0, 1, 0, 'RT 3/ RW1, Kelurahan KEPARAKAN,MERGANGSAN Kota Yogyakarta, DIY', 'MERGANGSAN', 'KEPARAKAN', '1', '3', '1', 1, NULL, '2022-04-11 21:33:33'),
('aq58gFCAJVPUIMv3YuodHr1xhBK4j7', '180658', 'SURATMI', 'BATANG', '1986-10-02', 1, 0, 0, 'RT 4/ RW2, Kelurahan SURYODININGRATAN,MANTRIJERON Kota Yogyakarta, DIY', 'MANTRIJERON', 'SURYODININGRATAN', '2', '4', '2', 1, NULL, '2022-04-11 21:33:33'),
('ArbimtwI0f48zqUkYyj5FGnlCKWTvp', '216640', 'NGULWIYAH', 'MAGELANG', '1993-12-04', 1, 0, 1, 'RT 2/ RW1, Kelurahan PURBAYAN,KOTAGEDE Kota Yogyakarta, DIY', 'KOTAGEDE', 'PURBAYAN', '1', '2', '1', 1, NULL, '2022-04-11 21:33:33'),
('AT0lpPU18fLjuRrVgZJ9m7MtQzd5N3', '127568', 'PARSIDIK', 'BANYUMAS', '1982-11-30', 1, 1, 0, 'RT 5/ RW1, Kelurahan WARUNGBOTO,UMBULHARJO Kota Yogyakarta, DIY', 'UMBULHARJO', 'WARUNGBOTO', '1', '5', '3', 1, NULL, '2022-04-11 21:33:34'),
('AvS3U4eKFNTZsa2cQM6bVzhqPLrHil', '245414', 'HERBAN OPAL ALI ENDRIKA', 'YOGYAKARTA', '1996-01-02', 0, 1, 0, 'RT 3/ RW1, Kelurahan WARUNGBOTO,UMBULHARJO Kota Yogyakarta, DIY', 'UMBULHARJO', 'WARUNGBOTO', '1', '3', '2', 1, NULL, '2022-04-11 21:33:34'),
('AW1hJl4250xjkuqmZQKNS6ITpFYOia', '170542', 'PETRA TRISNAWATI PURBANINGSIH', 'BANTUL', '1988-01-29', 1, 0, 0, 'RT 2/ RW1, Kelurahan WIROBRAJAN,WIROBRAJAN Kota Yogyakarta, DIY', 'WIROBRAJAN', 'WIROBRAJAN', '1', '2', '2', 1, NULL, '2022-04-11 21:33:33'),
('aX1E0h4qerA6VjI3oHPxy2QY5sWvpR', '181432', 'LAILLA PUTRI ANGGITA SARI', 'YOGYAKARTA', '2001-04-18', 0, 0, 0, 'RT 7/ RW3, Kelurahan SURYODININGRATAN,MANTRIJERON Kota Yogyakarta, DIY', 'MANTRIJERON', 'SURYODININGRATAN', '3', '7', '4', 1, NULL, '2022-04-11 21:33:33'),
('axAWs7FuC8dlnZ2LiOMq4mPpjE5HyX', '213159', 'WIJAYANTI', 'SEMARANG', '1994-11-09', 1, 0, 0, 'RT 10/ RW4, Kelurahan SURYATMAJAN,DANUREJAN Kota Yogyakarta, DIY', 'DANUREJAN', 'SURYATMAJAN', '4', '10', '3', 1, NULL, '2022-04-11 21:33:33'),
('B52O9qtjaXRwfIZdvN4kYGhEzWoF1H', '100212', 'SLAMET WIDODO', 'YOGYAKARTA', '1984-09-04', 1, 1, 0, 'RT 7/ RW1, Kelurahan NOTOPRAJAN,NGAMPILAN Kota Yogyakarta, DIY', 'NGAMPILAN', 'NOTOPRAJAN', '1', '7', '3', 1, NULL, '2022-04-11 21:33:33'),
('baBUZKhpDuckiomOYN6xGFzf2LV30Q', '4428', 'LAKSAMANAG DIAN FAUZIEK', 'JAKARTA', '2000-04-10', 0, 1, 0, 'RT 8/ RW2, Kelurahan NGUPASAN,GONDOMANAN Kota Yogyakarta, DIY', 'GONDOMANAN', 'NGUPASAN', '2', '8', '3', 1, NULL, '2022-04-11 21:33:33'),
('BFedMIkGxV3UOcmyoL715agEPtNv09', '332563', 'RETNO WULANDARI', 'P. BERANDAN', '1977-11-01', 1, 0, 0, 'RT 10/ RW2, Kelurahan TAHUNAN,UMBULHARJO Kota Yogyakarta, DIY', 'UMBULHARJO', 'TAHUNAN', '2', '10', '5', 1, NULL, '2022-04-11 21:33:33'),
('bGeICmcw1SVEF2N3QopaXdAlh9ZYOf', '226173', 'IRVAN EKO SYAMPURNO', 'YOGYAKARTA', '1991-06-17', 0, 1, 0, 'RT 1/ RW1, Kelurahan PRENGGAN,KOTAGEDE Kota Yogyakarta, DIY', 'KOTAGEDE', 'PRENGGAN', '1', '1', '1', 1, NULL, '2022-04-11 21:33:33'),
('bGgPyV7LE8mJdR5Kafxuq94AW6HpTC', '349480', 'YASHINTA MUTHIA KHAIRANA', 'YOGYAKARTA', '2001-10-14', 0, 0, 0, 'RT 10/ RW12, Kelurahan PANDEYAN,UMBULHARJO Kota Yogyakarta, DIY', 'UMBULHARJO', 'PANDEYAN', '12', '10', '37', 1, NULL, '2022-04-11 21:33:33'),
('bHxE5Vutwe86rYfXGLMkJT9hmQjZ0P', '144302', 'MURYANTI', 'KUNINGAN', '1983-09-29', 1, 0, 0, 'RT 8/ RW3, Kelurahan DEMANGAN,GONDOKUSUMAN Kota Yogyakarta, DIY', 'GONDOKUSUMAN', 'DEMANGAN', '3', '8', '5', 1, NULL, '2022-04-11 21:33:33'),
('bLfisPUHGgEuCmce6kZj91zSnO84lw', '138730', 'WIDIA FACHRODIANI', 'PONOROGO', '1978-04-26', 1, 0, 0, 'RT 7/ RW3, Kelurahan PANEMBAHAN,KRATON Kota Yogyakarta, DIY', 'KRATON', 'PANEMBAHAN', '3', '7', '4', 1, NULL, '2022-04-11 21:33:33'),
('BOH3lE49JYUhd5c0M2QVfTFnopwmyC', '336683', 'NUR AMALIA PUDYASTUTI', 'YOGYAKARTA', '1982-12-02', 0, 0, 0, 'RT 9/ RW2, Kelurahan GOWONGAN,JETIS Kota Yogyakarta, DIY', 'JETIS', 'GOWONGAN', '2', '9', '4', 1, NULL, '2022-04-11 21:33:33'),
('bOxMoGkeT8ncCdQ7XVPWgrZIHzFpKS', '339159', 'TUMIRAH', 'SLEMAN', '1960-08-06', 1, 0, 0, 'RT 10/ RW3, Kelurahan KLITREN,GONDOKUSUMAN Kota Yogyakarta, DIY', 'GONDOKUSUMAN', 'KLITREN', '3', '10', '7', 1, NULL, '2022-04-11 21:33:33'),
('BpzDYPtV9KsqThGcu8b7egUoXW5ylM', '99682', 'NAFI\' FARADIBA', 'YOGYAKARTA', '1994-04-27', 0, 0, 0, 'RT 4/ RW1, Kelurahan NGAMPILAN,NGAMPILAN Kota Yogyakarta, DIY', 'NGAMPILAN', 'NGAMPILAN', '1', '4', '2', 1, NULL, '2022-04-11 21:33:33'),
('bQmEU987Hc3SuY0Js6yq4DMpIdhLfK', '348170', 'RAYHAN MUHAMMAD FAJRI', 'YOGYAKARTA', '2001-04-13', 0, 1, 0, 'RT 4/ RW1, Kelurahan PANDEYAN,UMBULHARJO Kota Yogyakarta, DIY', 'UMBULHARJO', 'PANDEYAN', '1', '4', '2', 1, NULL, '2022-04-11 21:33:33'),
('bRnfFITJG9QSDlcZ0H4vdoM3yarpkP', '349723', 'SEPTIANA NUGRAHENI', 'YOGYAKARTA', '1993-09-27', 1, 0, 0, 'RT 4/ RW2, Kelurahan TEGALREJO,TEGALREJO Kota Yogyakarta, DIY', 'TEGALREJO', 'TEGALREJO', '2', '4', '3', 1, NULL, '2022-04-11 21:33:33'),
('Bu6vrNR25wHLbqZYGKnmxeOgV7aC08', '55767', 'Y.B. PARYOTO', 'YOGYAKARTA', '1961-10-02', 1, 1, 0, 'RT 7/ RW2, Kelurahan GUNUNGKETUR,PAKUALAMAN Kota Yogyakarta, DIY', 'PAKUALAMAN', 'GUNUNGKETUR', '2', '7', '3', 1, NULL, '2022-04-11 21:33:33'),
('BVX7QHI1j58A6v3mGLayOxRKNgSFPb', '254366', 'ARIENY MUSTIKAWATI', 'PADANG PANJANG', '1993-04-01', 1, 0, 0, 'RT 8/ RW2, Kelurahan TEGALPANGGUNG,DANUREJAN Kota Yogyakarta, DIY', 'DANUREJAN', 'TEGALPANGGUNG', '2', '8', '2', 1, NULL, '2022-04-11 21:33:33'),
('BWS26GUPgXF7Ch9KJiAOpmdbQVysjv', '293370', 'ANGELA MERICI YUSNITA PUSPASARI', 'BREBES', '1986-09-22', 1, 0, 0, 'RT 4/ RW1, Kelurahan TAHUNAN,UMBULHARJO Kota Yogyakarta, DIY', 'UMBULHARJO', 'TAHUNAN', '1', '4', '3', 1, NULL, '2022-04-11 21:33:33'),
('bYVa0uFcn5UkX4AsqGwiDJp319QmoM', '171033', 'BERNADETA DEVI TRI YULIANI', 'YOGYAKARTA', '1996-12-07', 0, 0, 0, 'RT 10/ RW4, Kelurahan SEMAKI,UMBULHARJO Kota Yogyakarta, DIY', 'UMBULHARJO', 'SEMAKI', '4', '10', '6', 1, NULL, '2022-04-11 21:33:33'),
('C4i2KHtY7MB5zWTy6VUJdZnPqOjlxh', '351860', 'AGUNG HARYADI', 'YOGYAKARTA', '1967-01-21', 0, 1, 0, 'RT 5/ RW1, Kelurahan TERBAN,GONDOKUSUMAN Kota Yogyakarta, DIY', 'GONDOKUSUMAN', 'TERBAN', '1', '5', '3', 1, NULL, '2022-04-11 21:33:33'),
('C6S4aAXwNcdeB3zlx0GFybJrEoj2uZ', '174902', 'MURTIYEM', 'BANTUL', '1962-12-31', 1, 0, 0, 'RT 10/ RW2, Kelurahan WIROBRAJAN,WIROBRAJAN Kota Yogyakarta, DIY', 'WIROBRAJAN', 'WIROBRAJAN', '2', '10', '4', 1, NULL, '2022-04-11 21:33:33'),
('CBxPpuiGTMgw56WrcYmaq0FdVKot7e', '241698', 'WARIYONO', 'BANTUL', '1984-10-29', 1, 1, 0, 'RT 1/ RW1, Kelurahan PRAWIRODIRJAN,GONDOMANAN Kota Yogyakarta, DIY', 'GONDOMANAN', 'PRAWIRODIRJAN', '1', '1', '1', 1, NULL, '2022-04-11 21:33:33'),
('cbY4z3w9aZJuXB2ARvUiofmteQFLSp', '253863', 'MUHONO', 'PURWODADI', '1961-02-02', 1, 1, 0, 'RT 3/ RW1, Kelurahan TEGALPANGGUNG,DANUREJAN Kota Yogyakarta, DIY', 'DANUREJAN', 'TEGALPANGGUNG', '1', '3', '2', 1, NULL, '2022-04-11 21:33:33'),
('CEmkGKIHslaSWw1iL7TZydM2uecXDR', '391634', 'MEYLINDA TRI ASTUTI', 'YOGYAKARTA', '1996-05-31', 0, 0, 0, 'RT 6/ RW2, Kelurahan KEPARAKAN,MERGANGSAN Kota Yogyakarta, DIY', 'MERGANGSAN', 'KEPARAKAN', '2', '6', '3', 1, NULL, '2022-04-11 21:33:33'),
('CGLADW8x7rjYugKBNdlvUViZhO6cRs', '388709', 'PRATIWI INTANSARI', 'YOGYAKARTA', '1956-10-30', 1, 0, 0, 'RT 2/ RW1, Kelurahan KEPARAKAN,MERGANGSAN Kota Yogyakarta, DIY', 'MERGANGSAN', 'KEPARAKAN', '1', '2', '1', 1, NULL, '2022-04-11 21:33:33'),
('cgU2jSqVFK386ouaxYzdPnhpB9Iie1', '180085', 'SIGIT WISNUBROTO', 'YOGYAKARTA', '1966-11-18', 1, 1, 0, 'RT 7/ RW2, Kelurahan WIROBRAJAN,WIROBRAJAN Kota Yogyakarta, DIY', 'WIROBRAJAN', 'WIROBRAJAN', '2', '7', '5', 1, NULL, '2022-04-11 21:33:33'),
('CIAxVw2FUEpairbsZBnMmjXlHcL7h6', '169962', 'FAJAR IBNU WICAKSONO', 'YOGYAKARTA', '1997-06-14', 0, 1, 0, 'RT 7/ RW3, Kelurahan SEMAKI,UMBULHARJO Kota Yogyakarta, DIY', 'UMBULHARJO', 'SEMAKI', '3', '7', '5', 1, NULL, '2022-04-11 21:33:33'),
('ClqnEuIkWfD9XywjrOML2KFhmR8doV', '4427', 'TINEKE MELDIANA RETANG', 'WEETEBULA', '1992-02-27', 1, 0, 0, 'RT 7/ RW2, Kelurahan NGUPASAN,GONDOMANAN Kota Yogyakarta, DIY', 'GONDOMANAN', 'NGUPASAN', '2', '7', '3', 1, NULL, '2022-04-11 21:33:33'),
('cnj1F07O3xMazGRVBZPhYsE96AuCNw', '170046', 'DRS.WIMMIE HANDIWIDJOJO MIT', 'BANYUWANGI', '1962-12-28', 1, 1, 0, 'RT 8/ RW3, Kelurahan SEMAKI,UMBULHARJO Kota Yogyakarta, DIY', 'UMBULHARJO', 'SEMAKI', '3', '8', '5', 1, NULL, '2022-04-11 21:33:33'),
('cPDJ65E04YzogQM8hUlnHmes9pGFV1', '261945', 'ANIE MURSIASTUTI  Drg.M.Kes', 'YOGYAKARTA', '1962-10-01', 1, 0, 0, 'RT 8/ RW2, Kelurahan PATANGPULUHAN,WIROBRAJAN Kota Yogyakarta, DIY', 'WIROBRAJAN', 'PATANGPULUHAN', '2', '8', '4', 1, NULL, '2022-04-11 21:33:33'),
('CviUPp8RNOHwaAlmF13tgjfWT96zhJ', '183104', 'SITI MUFALIKAH', 'LAMPUNG', '1961-01-05', 1, 0, 0, 'RT 5/ RW2, Kelurahan PATEHAN,KRATON Kota Yogyakarta, DIY', 'KRATON', 'PATEHAN', '2', '5', '4', 1, NULL, '2022-04-11 21:33:33'),
('cXtxE7oSaFYROwUCHeImh0kfqAgLz6', '208295', 'PURWATMI SITI S.', 'YOGYAKARTA', '1959-04-09', 1, 0, 0, 'RT 7/ RW3, Kelurahan SURYATMAJAN,DANUREJAN Kota Yogyakarta, DIY', 'DANUREJAN', 'SURYATMAJAN', '3', '7', '2', 1, NULL, '2022-04-11 21:33:33'),
('CxyNgzwqtVBY7W5D0uUFiLrAOsM6oG', '262118', 'HP. HARIYONO', 'KLATEN', '1957-08-07', 1, 1, 0, 'RT 9/ RW2, Kelurahan TEGALPANGGUNG,DANUREJAN Kota Yogyakarta, DIY', 'DANUREJAN', 'TEGALPANGGUNG', '2', '9', '5', 1, NULL, '2022-04-11 21:33:33'),
('CYrmKHaXRGqWgxMNe6Tt37AUOs8LVk', '60116', 'SUKMONO WIDIYATMOKO', 'YOGYAKARTA', '1982-03-01', 0, 1, 0, 'RT 9/ RW2, Kelurahan PURWOKINANTI,PAKUALAMAN Kota Yogyakarta, DIY', 'PAKUALAMAN', 'PURWOKINANTI', '2', '9', '5', 1, NULL, '2022-04-11 21:33:33'),
('d7843Ghf19REFYQCZjsBcxbkMTrDoa', '367958', 'SUGENG NUGROHO', 'YOGYAKARTA', '1972-04-01', 1, 1, 0, 'RT 1/ RW1, Kelurahan WIROGUNAN,MERGANGSAN Kota Yogyakarta, DIY', 'MERGANGSAN', 'WIROGUNAN', '1', '1', '1', 1, NULL, '2022-04-11 21:33:33'),
('d7CVvs9wKiX5RMBZ8j4lYgrD6JkNIW', '1817', 'ULFATUN AZIZAH', 'BATANG', '1990-06-03', 0, 0, 0, 'RT 4/ RW1, Kelurahan PRINGGOKUSUMAN,GEDONGTENGEN Kota Yogyakarta, DIY', 'GEDONGTENGEN', 'PRINGGOKUSUMAN', '1', '4', '3', 1, NULL, '2022-04-11 21:33:33'),
('D9QPB5fAyFguxIzO6XiaMkRvUWHjNY', '100211', 'FEBRI DWI PRAYITNO', 'YOGYAKARTA', '1991-04-17', 1, 1, 0, 'RT 4/ RW1, Kelurahan NOTOPRAJAN,NGAMPILAN Kota Yogyakarta, DIY', 'NGAMPILAN', 'NOTOPRAJAN', '1', '4', '3', 1, NULL, '2022-04-11 21:33:33'),
('dC19moxBwOLQruYfzUMNVSqG6lHJXA', '100213', 'TAMRIN', 'YOGYAKARTA', '1981-03-04', 1, 1, 0, 'RT 5/ RW1, Kelurahan NOTOPRAJAN,NGAMPILAN Kota Yogyakarta, DIY', 'NGAMPILAN', 'NOTOPRAJAN', '1', '5', '4', 1, NULL, '2022-04-11 21:33:33'),
('DeL9ZIpmKOPk2V3WjG4CruTi0NtE8A', '319999', 'ANDRI KUSHENDARTO', 'YOGYAKARTA', '1979-04-03', 1, 1, 0, 'RT 8/ RW2, Kelurahan KOTABARU,GONDOKUSUMAN Kota Yogyakarta, DIY', 'GONDOKUSUMAN', 'KOTABARU', '2', '8', '3', 1, NULL, '2022-04-11 21:33:33'),
('DeUjISR7Vfl62OPsMXBFEhug89w5nc', '185456', 'NINDA FATHIA ZAEROSA', 'TEMANGGUNG', '1994-08-02', 0, 0, 0, 'RT 9/ RW3, Kelurahan MUJAMUJU,UMBULHARJO Kota Yogyakarta, DIY', 'UMBULHARJO', 'MUJAMUJU', '3', '9', '8', 1, NULL, '2022-04-11 21:33:33'),
('diw4mLej9OzylWahGtIFHBSKA7VU8E', '216642', 'HANA LELY HARYATI JOHANDA', 'YOGYAKARTA', '1956-11-17', 0, 0, 0, 'RT 1/ RW1, Kelurahan COKRODININGRATAN,JETIS Kota Yogyakarta, DIY', 'JETIS', 'COKRODININGRATAN', '1', '1', '1', 1, NULL, '2022-04-11 21:33:33'),
('dJxzGWNhmbqZPHIXjV6Tta1kACSwYy', '18726', 'MUHAMMAD AHSANAL HUDA', 'YOGYAKARTA', '1996-09-24', 0, 1, 0, 'RT 7/ RW3, Kelurahan GIWANGAN,UMBULHARJO Kota Yogyakarta, DIY', 'UMBULHARJO', 'GIWANGAN', '3', '7', '5', 1, NULL, '2022-04-11 21:33:33'),
('Dk2gs7OWjl8GqxMh0omnRtVKzFue49', '133056', 'ANGGRAENI', 'KENDAL', '1990-04-10', 1, 0, 0, 'RT 4/ RW2, Kelurahan SOROSUTAN,UMBULHARJO Kota Yogyakarta, DIY', 'UMBULHARJO', 'SOROSUTAN', '2', '4', '5', 1, NULL, '2022-04-11 21:33:33'),
('dLznbKRVWq5tP08siZ9rMDTQI1JoHp', '472685', 'WAKIJAN', 'YOGYAKARTA', '1965-10-07', 1, 1, 0, 'RT 10/ RW3, Kelurahan SOROSUTAN,UMBULHARJO Kota Yogyakarta, DIY', 'UMBULHARJO', 'SOROSUTAN', '3', '10', '8', 1, NULL, '2022-04-11 21:33:33'),
('DMBVk84Xr75yqRAZTz2gcGv6ECFJs3', '101883', 'MARETIYANI', 'KULONPROGO', '1989-04-17', 1, 0, 0, 'RT 5/ RW1, Kelurahan PATANGPULUHAN,WIROBRAJAN Kota Yogyakarta, DIY', 'WIROBRAJAN', 'PATANGPULUHAN', '1', '5', '3', 1, NULL, '2022-04-11 21:33:33'),
('dnGf90UaRMcCkKus83oOZ6xTXLWDqe', '55738', 'WAHYU WIRYONO', 'YOGYAKARTA', '1966-01-17', 1, 1, 0, 'RT 2/ RW1, Kelurahan GUNUNGKETUR,PAKUALAMAN Kota Yogyakarta, DIY', 'PAKUALAMAN', 'GUNUNGKETUR', '1', '2', '1', 1, NULL, '2022-04-11 21:33:33'),
('DUNIgAhLnwmSiMorP72eOK46X5HzQa', '452340', 'RIFKA SETYA NUGRAHENI', 'PATI', '1994-01-31', 0, 0, 0, 'RT 3/ RW1, Kelurahan PRENGGAN,KOTAGEDE Kota Yogyakarta, DIY', 'KOTAGEDE', 'PRENGGAN', '1', '3', '2', 1, NULL, '2022-04-11 21:33:33'),
('DWxH7eCwG1njqA5NX0Uo8ZSs6BalVp', '219860', 'JEANNY SURYA MEILANI  SE', 'YOGYAKARTA', '1979-05-28', 1, 0, 0, 'RT 5/ RW2, Kelurahan COKRODININGRATAN,JETIS Kota Yogyakarta, DIY', 'JETIS', 'COKRODININGRATAN', '2', '5', '5', 1, NULL, '2022-04-11 21:33:33'),
('DX5L1Ez0mI27pnUkQOiyhBZGa94SYr', '279981', 'FITA HERDYANI LESMANA', 'MADIUN', '1987-12-02', 1, 0, 0, 'RT 10/ RW2, Kelurahan KADIPATEN,KRATON Kota Yogyakarta, DIY', 'KRATON', 'KADIPATEN', '2', '10', '4', 1, NULL, '2022-04-11 21:33:33'),
('DXdskCQguyqhIJzMntZ1E0BGiamNAb', '219391', 'RIZQY RAYI ANANDHA', 'SLEMAN', '1997-09-06', 0, 1, 0, 'RT 6/ RW2, Kelurahan PURBAYAN,KOTAGEDE Kota Yogyakarta, DIY', 'KOTAGEDE', 'PURBAYAN', '2', '6', '4', 1, NULL, '2022-04-11 21:33:33'),
('dxHMfB3rOiugU61wnVAs4YPeD9lShy', '100220', 'PUJI RAHAYU', 'PURWOREJO', '1991-01-03', 1, 0, 0, 'RT 9/ RW2, Kelurahan NOTOPRAJAN,NGAMPILAN Kota Yogyakarta, DIY', 'NGAMPILAN', 'NOTOPRAJAN', '2', '9', '5', 1, NULL, '2022-04-11 21:33:33'),
('dXLo1qx4wCZeW90nOhGHiMyIjNVFpA', '218447', 'SLAMET TRIONODI', 'YOGYAKARTA', '1987-03-31', 0, 1, 0, 'RT 6/ RW2, Kelurahan COKRODININGRATAN,JETIS Kota Yogyakarta, DIY', 'JETIS', 'COKRODININGRATAN', '2', '6', '3', 1, NULL, '2022-04-11 21:33:33'),
('E6g2LfSu3JQavlDxVZCp1dYmKkO5Gr', '374226', 'NURUL HANDAYANI', 'YOGYAKARTA', '1982-08-17', 1, 0, 0, 'RT 4/ RW2, Kelurahan KRICAK,TEGALREJO Kota Yogyakarta, DIY', 'TEGALREJO', 'KRICAK', '2', '4', '7', 1, NULL, '2022-04-11 21:33:33'),
('Ea1F5iZUCuqTjKeI8Bc7M4GNtLf3lD', '101868', 'SUHERMAN', 'YOGYAKARTA', '1955-05-19', 1, 1, 0, 'RT 2/ RW1, Kelurahan PATANGPULUHAN,WIROBRAJAN Kota Yogyakarta, DIY', 'WIROBRAJAN', 'PATANGPULUHAN', '1', '2', '1', 1, NULL, '2022-04-11 21:33:33'),
('eaVPrd1YNtlS0soEATZ5vqUhRCcXB6', '336667', 'ARYANI', 'YOGYAKARTA', '1987-01-03', 1, 0, 0, 'RT 6/ RW2, Kelurahan GOWONGAN,JETIS Kota Yogyakarta, DIY', 'JETIS', 'GOWONGAN', '2', '6', '3', 1, NULL, '2022-04-11 21:33:33'),
('edBL5rJDkNH2GCpbKV1UlsRa9ncI40', '58736', 'MARTO', 'CILACAP', '1985-11-16', 1, 1, 0, 'RT 3/ RW1, Kelurahan PURWOKINANTI,PAKUALAMAN Kota Yogyakarta, DIY', 'PAKUALAMAN', 'PURWOKINANTI', '1', '3', '2', 1, NULL, '2022-04-11 21:33:33'),
('EDL8PuqJKfgCMF1R0Nr7IzcWxZ2wsO', '138710', 'MONICA CHANDRA', 'YOGYAKARTA', '2001-10-24', 0, 0, 0, 'RT 5/ RW2, Kelurahan PANEMBAHAN,KRATON Kota Yogyakarta, DIY', 'KRATON', 'PANEMBAHAN', '2', '5', '2', 1, NULL, '2022-04-11 21:33:33'),
('EKTXW2igfJaN5vdMAV7wxRb9ePouYF', '159022', 'SANTO MUGI PRAYITNO', 'PURBALINGGA', '1983-05-31', 1, 1, 0, 'RT 3/ RW1, Kelurahan BENER,TEGALREJO Kota Yogyakarta, DIY', 'TEGALREJO', 'BENER', '1', '3', '2', 1, NULL, '2022-04-11 21:33:33'),
('EMH4qr7fjwm0QJOchtdaBIV8nZ1l2K', '284917', 'B. FATMA INDRIYATI', 'YOGYAKARTA', '1958-12-03', 1, 0, 0, 'RT 5/ RW2, Kelurahan BRONTOKUSUMAN,MERGANGSAN Kota Yogyakarta, DIY', 'MERGANGSAN', 'BRONTOKUSUMAN', '2', '5', '2', 1, NULL, '2022-04-11 21:33:33'),
('EshS4eg703amfPyX18UjH2xdi6TvFJ', '101906', 'ARDIAN TRIE WARDHANA', 'CILACAP', '1982-12-04', 1, 1, 0, 'RT 9/ RW2, Kelurahan PATANGPULUHAN,WIROBRAJAN Kota Yogyakarta, DIY', 'WIROBRAJAN', 'PATANGPULUHAN', '2', '9', '5', 1, NULL, '2022-04-11 21:33:33'),
('ESN7ZHXlVG6FAuIKJwcz8M4BfxQio5', '216641', 'RISKI MAULANA GUSTI PUTRA', 'BANYUWANGI', '2000-02-28', 0, 1, 0, 'RT 1/ RW1, Kelurahan PURBAYAN,KOTAGEDE Kota Yogyakarta, DIY', 'KOTAGEDE', 'PURBAYAN', '1', '1', '1', 1, NULL, '2022-04-11 21:33:33'),
('ETwFofviAzc7P4muagQBlj02Hq9Lb3', '99687', 'PUTRI FAULANTI', 'BATAM', '2001-04-25', 0, 0, 0, 'RT 5/ RW1, Kelurahan NGAMPILAN,NGAMPILAN Kota Yogyakarta, DIY', 'NGAMPILAN', 'NGAMPILAN', '1', '5', '3', 1, NULL, '2022-04-11 21:33:33'),
('exHOnFSYIpMZPyVvflGURtBJ60Wz2c', '1652', 'SUHARNO', 'YOGYAKARTA', '1957-03-14', 1, 1, 0, 'RT 1/ RW1, Kelurahan SOSROMENDURAN,GEDONGTENGEN Kota Yogyakarta, DIY', 'GEDONGTENGEN', 'SOSROMENDURAN', '1', '1', '1', 1, NULL, '2022-04-11 21:33:33'),
('F7KXIVYm8Q3Cov1ZiHx5W4synkBuLe', '174789', 'REZA WAHYU KARTIKA', 'YOGYAKARTA', '1992-12-29', 0, 1, 0, 'RT 6/ RW2, Kelurahan WIROBRAJAN,WIROBRAJAN Kota Yogyakarta, DIY', 'WIROBRAJAN', 'WIROBRAJAN', '2', '6', '4', 1, NULL, '2022-04-11 21:33:33'),
('f9vKxGsag4lDyPoCTLIUzEQ8ZHM6O1', '236470', 'RAHMAD BANGUN PRASETYO', 'SEMARANG', '1980-07-23', 1, 1, 0, 'RT 5/ RW2, Kelurahan PRAWIRODIRJAN,GONDOMANAN Kota Yogyakarta, DIY', 'GONDOMANAN', 'PRAWIRODIRJAN', '2', '5', '2', 1, NULL, '2022-04-11 21:33:33'),
('fadxu1esUW6B5YLrgiOFEj4bvwPM2c', '390085', 'EDY ZAENAL MUTTAQIN', 'YOGYAKARTA', '1969-09-23', 1, 1, 0, 'RT 5/ RW1, Kelurahan KEPARAKAN,MERGANGSAN Kota Yogyakarta, DIY', 'MERGANGSAN', 'KEPARAKAN', '1', '5', '2', 1, NULL, '2022-04-11 21:33:33'),
('fGaHKl5ANLORQTmrwn2UMz9pVc1EhD', '183134', 'HENDRO WIBISONO', 'SEMARANG', '1987-01-13', 1, 1, 0, 'RT 10/ RW3, Kelurahan PATEHAN,KRATON Kota Yogyakarta, DIY', 'KRATON', 'PATEHAN', '3', '10', '6', 1, NULL, '2022-04-11 21:33:33'),
('FMR4js09dmTH3YarnIwhoVu68cB1Zb', '348280', 'ANNISA NABIILA', 'YOGYAKARTA', '2001-03-27', 0, 0, 0, 'RT 7/ RW2, Kelurahan PANDEYAN,UMBULHARJO Kota Yogyakarta, DIY', 'UMBULHARJO', 'PANDEYAN', '2', '7', '5', 1, NULL, '2022-04-11 21:33:33'),
('FN1s3UIjmzYgHxaDkiBdECq9K0Wbw7', '183103', 'DARMASTUTI ROMADJI', 'SEMARANG', '1973-08-22', 1, 0, 0, 'RT 6/ RW2, Kelurahan PATEHAN,KRATON Kota Yogyakarta, DIY', 'KRATON', 'PATEHAN', '2', '6', '4', 1, NULL, '2022-04-11 21:33:33'),
('fnwoX5EIbtlmksK1VyeDdxi7JUBp4v', '182332', 'MAIMUNAH', 'TANJUNG KARANG', '1950-01-01', 1, 0, 0, 'RT 2/ RW1, Kelurahan MANTRIJERON,MANTRIJERON Kota Yogyakarta, DIY', 'MANTRIJERON', 'MANTRIJERON', '1', '2', '1', 1, NULL, '2022-04-11 21:33:33'),
('Fo9B8dpGqnt6eC7L2QIAvuMfZgrWzD', '301450', 'ROPAH', 'KUNINGAN', '1975-02-05', 1, 0, 0, 'RT 10/ RW3, Kelurahan BAUSASRAN,DANUREJAN Kota Yogyakarta, DIY', 'DANUREJAN', 'BAUSASRAN', '3', '10', '6', 1, NULL, '2022-04-11 21:33:33'),
('FPuAK9XxLhs0EytSGziWV8IUZ1bYoT', '133063', 'SUGIYATI', 'BANTUL', '1979-09-09', 1, 0, 0, 'RT 7/ RW2, Kelurahan SOROSUTAN,UMBULHARJO Kota Yogyakarta, DIY', 'UMBULHARJO', 'SOROSUTAN', '2', '7', '7', 1, NULL, '2022-04-11 21:33:33'),
('fpVi6W0kueaTQYINP8RjL1lwKZgXh9', '236468', 'RAHAYU VIDIA NINGRUM', 'MAGELANG', '2001-06-09', 1, 0, 0, 'RT 6/ RW2, Kelurahan PRAWIRODIRJAN,GONDOMANAN Kota Yogyakarta, DIY', 'GONDOMANAN', 'PRAWIRODIRJAN', '2', '6', '2', 1, NULL, '2022-04-11 21:33:33'),
('fteTc1K57u6nq9S3HxBiFd8NJOaCmV', '20509', 'AAN ARIF RAHMANTO', 'GUNUNG KIDUL', '1973-04-21', 1, 1, 0, 'RT 6/ RW2, Kelurahan GIWANGAN,UMBULHARJO Kota Yogyakarta, DIY', 'UMBULHARJO', 'GIWANGAN', '2', '6', '4', 1, NULL, '2022-04-11 21:33:33'),
('FTV3AK6JBu8NqGUji9MSfcym0ZHdRw', '99688', 'HERA  C K', 'CIAMIS', '1977-07-06', 0, 0, 0, 'RT 6/ RW1, Kelurahan NGAMPILAN,NGAMPILAN Kota Yogyakarta, DIY', 'NGAMPILAN', 'NGAMPILAN', '1', '6', '3', 1, NULL, '2022-04-11 21:33:33'),
('fUqZV3Xcke7ySlGDI2QW1mTatNgPYx', '472056', 'IGNATIUS SUDIYONO', 'SLEMAN', '1948-12-08', 1, 1, 0, 'RT 1/ RW1, Kelurahan SOROSUTAN,UMBULHARJO Kota Yogyakarta, DIY', 'UMBULHARJO', 'SOROSUTAN', '1', '1', '3', 1, NULL, '2022-04-11 21:33:33'),
('fYQbiILA61P93HF5peyvWZUXEksgOz', '485262', 'MARINI', 'TEMANGGUNG', '1968-09-23', 1, 0, 0, 'RT 2/ RW1, Kelurahan SURYATMAJAN,DANUREJAN Kota Yogyakarta, DIY', 'DANUREJAN', 'SURYATMAJAN', '1', '2', '1', 1, NULL, '2022-04-11 21:33:33'),
('g2qXYZPtjv4bHKEB36c5LlkwrVhuem', '301457', 'MUHAMMAD MAKHFUD S.Pd', 'YOGYAKARTA', '1973-03-22', 1, 1, 0, 'RT 9/ RW3, Kelurahan BAUSASRAN,DANUREJAN Kota Yogyakarta, DIY', 'DANUREJAN', 'BAUSASRAN', '3', '9', '6', 1, NULL, '2022-04-11 21:33:33'),
('g5RKoHCOknEdNGIybMeu69TxBX4Jcj', '103178', 'CANTIKA AMIK PRISTASIANTI', 'YOGYAKARTA', '1988-07-04', 1, 0, 0, 'RT 2/ RW1, Kelurahan PAKUNCEN,WIROBRAJAN Kota Yogyakarta, DIY', 'WIROBRAJAN', 'PAKUNCEN', '1', '2', '1', 1, NULL, '2022-04-11 21:33:33'),
('G8naxvqYB2uoCXP3UFJE7Oc5rKztAZ', '181433', 'R.SYENDI PRIMA SYAHPUTRA', 'BUTON', '2001-03-12', 0, 1, 0, 'RT 10/ RW3, Kelurahan SURYODININGRATAN,MANTRIJERON Kota Yogyakarta, DIY', 'MANTRIJERON', 'SURYODININGRATAN', '3', '10', '4', 1, NULL, '2022-04-11 21:33:33'),
('GCfbrX6PEqSl0FI5g9ap3dOv1hM2JU', '180695', 'KAHONO', 'SEMARANG', '1966-06-16', 1, 1, 0, 'RT 9/ RW3, Kelurahan SURYODININGRATAN,MANTRIJERON Kota Yogyakarta, DIY', 'MANTRIJERON', 'SURYODININGRATAN', '3', '9', '5', 1, NULL, '2022-04-11 21:33:33'),
('Gdbm1pDoqjM93cHJ4lt5UXruZhYNIS', '127586', 'VINDA KARUNIA SATRIAVI', 'PURWOKERTO', '1991-07-04', 1, 0, 0, 'RT 9/ RW2, Kelurahan WARUNGBOTO,UMBULHARJO Kota Yogyakarta, DIY', 'UMBULHARJO', 'WARUNGBOTO', '2', '9', '8', 1, NULL, '2022-04-11 21:33:34'),
('GE8iKLVuTl5oRO3FC4HcygWZ2NSD0P', '339128', 'INDA', 'NAMLEA', '1971-09-07', 1, 0, 0, 'RT 6/ RW2, Kelurahan KLITREN,GONDOKUSUMAN Kota Yogyakarta, DIY', 'GONDOKUSUMAN', 'KLITREN', '2', '6', '3', 1, NULL, '2022-04-11 21:33:33'),
('GeymdT8NsSawvu4fiJDQZcBtM1pUOC', '348160', 'MUHAMMAD HELMY KAZELA', 'BLORA', '2001-06-20', 0, 1, 0, 'RT 3/ RW1, Kelurahan PANDEYAN,UMBULHARJO Kota Yogyakarta, DIY', 'UMBULHARJO', 'PANDEYAN', '1', '3', '2', 1, NULL, '2022-04-11 21:33:33'),
('gf1HWmwQCUvIDJPxbrR4K8AcpGyMki', '182340', 'ERMA SUSILOWATI', 'PEKALONGAN', '1987-06-22', 1, 0, 0, 'RT 1/ RW1, Kelurahan PATEHAN,KRATON Kota Yogyakarta, DIY', 'KRATON', 'PATEHAN', '1', '1', '1', 1, NULL, '2022-04-11 21:33:33'),
('gI6GZld8fKrStNmwzsjnBEJQv47WFb', '347426', 'NUR SUCI RAHAYU', 'YOGYAKARTA', '1992-05-05', 0, 0, 0, 'RT 10/ RW2, Kelurahan TERBAN,GONDOKUSUMAN Kota Yogyakarta, DIY', 'GONDOKUSUMAN', 'TERBAN', '2', '10', '5', 1, NULL, '2022-04-11 21:33:33'),
('GkBqphDSwtmCAZT1RPLHzf9Q627WME', '127566', 'NIKEN DWI ANDIKA, M.Pd', 'PATI', '1991-07-31', 1, 0, 0, 'RT 1/ RW1, Kelurahan WARUNGBOTO,UMBULHARJO Kota Yogyakarta, DIY', 'UMBULHARJO', 'WARUNGBOTO', '1', '1', '1', 1, NULL, '2022-04-11 21:33:33'),
('gpcWIw2uF5j7r0eBHEh6GnXxCkVPtO', '472684', 'ENI KUSUMAWATI', 'YOGYAKARTA', '1974-05-21', 1, 0, 0, 'RT 9/ RW3, Kelurahan SOROSUTAN,UMBULHARJO Kota Yogyakarta, DIY', 'UMBULHARJO', 'SOROSUTAN', '3', '9', '8', 1, NULL, '2022-04-11 21:33:33'),
('GPlRjnfpmroNMs5F4VJ1U0yiKcEgbq', '388672', 'CHANDRA LUKITO', 'YOGYAKARTA', '1974-12-05', 0, 1, 0, 'RT 1/ RW1, Kelurahan KEPARAKAN,MERGANGSAN Kota Yogyakarta, DIY', 'MERGANGSAN', 'KEPARAKAN', '1', '1', '1', 1, NULL, '2022-04-11 21:33:33'),
('GpsoyBOPVZElrWtIn3JShkw2bTdK79', '101907', 'ALDITA', 'RANTAU', '1989-11-25', 1, 1, 0, 'RT 10/ RW2, Kelurahan PATANGPULUHAN,WIROBRAJAN Kota Yogyakarta, DIY', 'WIROBRAJAN', 'PATANGPULUHAN', '2', '10', '6', 1, NULL, '2022-04-11 21:33:33'),
('GShd69iHaPp3vFrYCLcj0EeZqm58gn', '293916', 'SANY YULIAN S.H', 'MAGELANG', '1983-07-24', 1, 0, 0, 'RT 2/ RW1, Kelurahan BAUSASRAN,DANUREJAN Kota Yogyakarta, DIY', 'DANUREJAN', 'BAUSASRAN', '1', '2', '1', 1, NULL, '2022-04-11 21:33:33'),
('gTA5Eb4BRh6sLmH0dPwYljf2rOQeyc', '339112', 'MUSLIMIN', 'TEMANGGUNG', '1974-10-11', 1, 1, 0, 'RT 4/ RW1, Kelurahan KLITREN,GONDOKUSUMAN Kota Yogyakarta, DIY', 'GONDOKUSUMAN', 'KLITREN', '1', '4', '1', 1, NULL, '2022-04-11 21:33:33'),
('GTBMgzjaoSV4FXLADHqh7EpOirxJeP', '485261', 'DINA ADRIANTI', 'YOGYAKARTA', '1990-08-09', 1, 0, 0, 'RT 1/ RW2, Kelurahan SURYATMAJAN,DANUREJAN Kota Yogyakarta, DIY', 'DANUREJAN', 'SURYATMAJAN', '2', '1', '1', 1, NULL, '2022-04-11 21:33:33'),
('GwcRtkv06hbfYeTE8A2lPJMdBKDILx', '243713', 'IKA KUSZARSI', 'KULON PROGO', '1976-12-06', 1, 0, 0, 'RT 9/ RW3, Kelurahan BACIRO,GONDOKUSUMAN Kota Yogyakarta, DIY', 'GONDOKUSUMAN', 'BACIRO', '3', '9', '5', 1, NULL, '2022-04-11 21:33:33'),
('gycftuLe2hqrJHY96pEUmnBC85vDkQ', '341548', 'KHALIS NIUM ARBAI', 'YOGYAKARTA', '2000-10-17', 0, 1, 0, 'RT 6/ RW2, Kelurahan GUNUNGKETUR,PAKUALAMAN Kota Yogyakarta, DIY', 'PAKUALAMAN', 'GUNUNGKETUR', '2', '6', '2', 1, NULL, '2022-04-11 21:33:33'),
('H4XRVMJ0NPU8vCQcF2ZgjO7luIsieD', '347390', 'ARIF ARDIYANSAH', 'KEBUN DALAM', '1996-06-16', 0, 1, 0, 'RT 2/ RW1, Kelurahan TERBAN,GONDOKUSUMAN Kota Yogyakarta, DIY', 'GONDOKUSUMAN', 'TERBAN', '1', '2', '2', 1, NULL, '2022-04-11 21:33:33'),
('H72YUcGaOwjPuyTR6BbKqAeodlM0Ni', '319699', 'RIYANTI T ERESA', 'YOGYAKARTA', '1992-03-02', 1, 0, 0, 'RT 7/ RW2, Kelurahan KOTABARU,GONDOKUSUMAN Kota Yogyakarta, DIY', 'GONDOKUSUMAN', 'KOTABARU', '2', '7', '2', 1, NULL, '2022-04-11 21:33:33'),
('HCeWNkrwv4sSJXt0L13IpK9cA7nuMB', '384820', 'APRIYANTO', 'YOGYAKARTA', '1981-04-03', 1, 1, 0, 'RT 1/ RW1, Kelurahan MANTRIJERON,MANTRIJERON Kota Yogyakarta, DIY', 'MANTRIJERON', 'MANTRIJERON', '1', '1', '2', 1, NULL, '2022-04-11 21:33:33'),
('HcgeylqTDuiVQfMGUIk61t5dxp8aP4', '197218', 'YUDHA DWINANDA EDY SANJAYA', 'YOGYAKARTA', '1985-05-15', 1, 1, 0, 'RT 1/ RW1, Kelurahan NGUPASAN,GONDOMANAN Kota Yogyakarta, DIY', 'GONDOMANAN', 'NGUPASAN', '1', '1', '1', 1, NULL, '2022-04-11 21:33:33'),
('hei2k6aL4rgT07ojcWAb8QvYtORBKd', '40606', 'USMANTO', 'SEMARANG', '1964-02-07', 1, 1, 0, 'RT 3/ RW1, Kelurahan DEMANGAN,GONDOKUSUMAN Kota Yogyakarta, DIY', 'GONDOKUSUMAN', 'DEMANGAN', '1', '3', '2', 1, NULL, '2022-04-11 21:33:33'),
('heMx9abZJWiYkwpD7g1Qj3VqXnFzyN', '292905', 'FAHRUDIN', 'KLATEN', '1981-11-14', 0, 1, 0, 'RT 4/ RW1, Kelurahan REJOWINANGUN,KOTAGEDE Kota Yogyakarta, DIY', 'KOTAGEDE', 'REJOWINANGUN', '1', '4', '2', 1, NULL, '2022-04-11 21:33:33'),
('hFfGQkW8lXpOIyLaCP2s1eZzmUrNSj', '208304', 'ALFAN PATHRIANSYAH M,SH', 'LAMBUBALANO', '1992-11-25', 0, 1, 0, 'RT 8/ RW3, Kelurahan SURYATMAJAN,DANUREJAN Kota Yogyakarta, DIY', 'DANUREJAN', 'SURYATMAJAN', '3', '8', '2', 1, NULL, '2022-04-11 21:33:33'),
('hIiVzGre1vmSF2LPsfN5pdoWw9EUxT', '158358', 'M. TAUFAN ARIAN S', 'PAMEKASAN', '1986-01-16', 1, 1, 0, 'RT 1/ RW1, Kelurahan BENER,TEGALREJO Kota Yogyakarta, DIY', 'TEGALREJO', 'BENER', '1', '1', '1', 1, NULL, '2022-04-11 21:33:33'),
('hK8TeCx5wDqJiPWm3apS4sNjFOncgL', '127565', 'PARDILAN', 'BANTUL', '1963-07-19', 1, 1, 0, 'RT 2/ RW1, Kelurahan WARUNGBOTO,UMBULHARJO Kota Yogyakarta, DIY', 'UMBULHARJO', 'WARUNGBOTO', '1', '2', '1', 1, NULL, '2022-04-11 21:33:33'),
('HKYorNAlpuT8zIxMhnRiOVDk5JE0cP', '101884', 'WAHYU HERDIANA', 'YOGYAKARTA', '1977-11-03', 1, 0, 0, 'RT 6/ RW1, Kelurahan PATANGPULUHAN,WIROBRAJAN Kota Yogyakarta, DIY', 'WIROBRAJAN', 'PATANGPULUHAN', '1', '6', '3', 1, NULL, '2022-04-11 21:33:33'),
('HlVmstAzgKaPLGq6F0CkwSODZdf1I7', '283667', 'RR SRI SUHARYANI TRESNANINGSIH', 'YOGYAKARTA', '1968-04-09', 1, 0, 0, 'RT 3/ RW1, Kelurahan BRONTOKUSUMAN,MERGANGSAN Kota Yogyakarta, DIY', 'MERGANGSAN', 'BRONTOKUSUMAN', '1', '3', '1', 1, NULL, '2022-04-11 21:33:33'),
('hPSBY4kViu2prmU3edT0OJGbgQE8MA', '101875', 'AKBARNAWI PUTRA', 'YOGYAKARTA', '1983-02-14', 1, 1, 0, 'RT 4/ RW1, Kelurahan PATANGPULUHAN,WIROBRAJAN Kota Yogyakarta, DIY', 'WIROBRAJAN', 'PATANGPULUHAN', '1', '4', '2', 1, NULL, '2022-04-11 21:33:33'),
('HTZgBk0NCJELs6djluXF8RAotyYK4z', '323364', 'ANTONIUS ROHWANDONO', 'GUNUNG KIDUL', '1964-01-16', 1, 1, 0, 'RT 5/ RW1, Kelurahan TAHUNAN,UMBULHARJO Kota Yogyakarta, DIY', 'UMBULHARJO', 'TAHUNAN', '1', '5', '2', 1, NULL, '2022-04-11 21:33:33'),
('Hu5TgW06eFD3GkhbLfZUYOSrdzPpRC', '218546', 'JEFFRY JULIANUS', 'PATI', '1981-07-08', 1, 1, 0, 'RT 7/ RW2, Kelurahan COKRODININGRATAN,JETIS Kota Yogyakarta, DIY', 'JETIS', 'COKRODININGRATAN', '2', '7', '3', 1, NULL, '2022-04-11 21:33:33'),
('HvC30Sb4Zhxsty5wojXYiWrnPLfIKQ', '183130', 'ANINDYA FALA KUMIADI', 'YOGYAKARTA', '1987-08-01', 1, 1, 0, 'RT 7/ RW3, Kelurahan PATEHAN,KRATON Kota Yogyakarta, DIY', 'KRATON', 'PATEHAN', '3', '7', '5', 1, NULL, '2022-04-11 21:33:33'),
('HvsRPAMFw3X62tYV0nzdEi5LCcZhjW', '243745', 'KHOIRUL HIKMAH, SE', 'YOGYAKARTA', '1973-10-17', 1, 0, 0, 'RT 6/ RW2, Kelurahan BACIRO,GONDOKUSUMAN Kota Yogyakarta, DIY', 'GONDOKUSUMAN', 'BACIRO', '2', '6', '3', 1, NULL, '2022-04-11 21:33:33'),
('hZ8V7Ei5rJPxSktmnacWTDyB6UMzNe', '198097', 'HINDUN AHMAD KUSYAIRI', 'PURWOREJO', '1932-08-18', 1, 0, 0, 'RT 4/ RW1, Kelurahan NGUPASAN,GONDOMANAN Kota Yogyakarta, DIY', 'GONDOMANAN', 'NGUPASAN', '1', '4', '2', 1, NULL, '2022-04-11 21:33:33'),
('hZagoNUW3zfY0XB84O7s2rSVxqF9lG', '197276', 'NAHTANIA VERINA APRILIA', 'YOGYAKARTA', '1998-04-25', 0, 0, 0, 'RT 2/ RW1, Kelurahan NGUPASAN,GONDOMANAN Kota Yogyakarta, DIY', 'GONDOMANAN', 'NGUPASAN', '1', '2', '1', 1, NULL, '2022-04-11 21:33:33'),
('i9GAxXc7ma1uBMSrjRUldvDWEzTF5P', '159013', 'TIYAS UTAMI', 'BANTUL', '1989-05-26', 1, 0, 0, 'RT 2/ RW1, Kelurahan BENER,TEGALREJO Kota Yogyakarta, DIY', 'TEGALREJO', 'BENER', '1', '2', '2', 1, NULL, '2022-04-11 21:33:33'),
('IDoNzfmgtbpyu8LE2kAvRMFsjdQJCY', '185300', 'VERDINANDUS HARDIYANTO PURBA', 'YOGYAKARTA', '1967-03-29', 1, 1, 0, 'RT 8/ RW3, Kelurahan MUJAMUJU,UMBULHARJO Kota Yogyakarta, DIY', 'UMBULHARJO', 'MUJAMUJU', '3', '8', '7', 1, NULL, '2022-04-11 21:33:33'),
('iGrte1LdRKWQ0ZO6Xow7mNVn5y2AMC', '21317', 'ARI OKTA SUSMAWATI', 'YOGYAKARTA', '1991-10-06', 0, 0, 0, 'RT 9/ RW3, Kelurahan GIWANGAN,UMBULHARJO Kota Yogyakarta, DIY', 'UMBULHARJO', 'GIWANGAN', '3', '9', '6', 1, NULL, '2022-04-11 21:33:33'),
('iHDpsP63lIYrLMNBzcaKGxodb0Fh1t', '295146', 'RINO WIJAYA KANTHI', 'YOGYAKARTA', '1970-12-11', 1, 1, 0, 'RT 6/ RW2, Kelurahan BAUSASRAN,DANUREJAN Kota Yogyakarta, DIY', 'DANUREJAN', 'BAUSASRAN', '2', '6', '4', 1, NULL, '2022-04-11 21:33:33'),
('iIDh3ASreL1GZETuQqgoHvJd94kb2W', '339135', 'ANAS MA\'RUM S', 'YOGYAKARTA', '1987-01-21', 1, 1, 0, 'RT 5/ RW2, Kelurahan KLITREN,GONDOKUSUMAN Kota Yogyakarta, DIY', 'GONDOKUSUMAN', 'KLITREN', '2', '5', '3', 1, NULL, '2022-04-11 21:33:33'),
('ILHwJxitsfcVzB4F3OA60vQPXW7Rrm', '127582', 'DWI JOKO SURANTO', 'YOGYA', '1964-05-14', 1, 1, 0, 'RT 8/ RW2, Kelurahan WARUNGBOTO,UMBULHARJO Kota Yogyakarta, DIY', 'UMBULHARJO', 'WARUNGBOTO', '2', '8', '6', 1, NULL, '2022-04-11 21:33:34'),
('iLTOcSmeEkxt02rl6CaHGJb8gBNQqv', '255727', 'AKBAR MUNAWARSYAH', 'JAKARTA', '1992-08-24', 0, 1, 0, 'RT 6/ RW2, Kelurahan TEGALPANGGUNG,DANUREJAN Kota Yogyakarta, DIY', 'DANUREJAN', 'TEGALPANGGUNG', '2', '6', '3', 1, NULL, '2022-04-11 21:33:33'),
('IMkXHaL9slOJfVQ18WdcA7DSt4hNvq', '456543', 'MUHAMMAD MAULANA YUSUF', 'YOGYAKARTA', '2002-03-17', 0, 1, 0, 'RT 5/ RW1, Kelurahan PRENGGAN,KOTAGEDE Kota Yogyakarta, DIY', 'KOTAGEDE', 'PRENGGAN', '1', '5', '4', 1, NULL, '2022-04-11 21:33:33'),
('IoDWYXhxisrqwyjClQU6zcTdH0Zu2P', '160459', 'SUGIYANTI', 'YOGYAKARTA', '1965-12-27', 1, 0, 0, 'RT 6/ RW2, Kelurahan BENER,TEGALREJO Kota Yogyakarta, DIY', 'TEGALREJO', 'BENER', '2', '6', '4', 1, NULL, '2022-04-11 21:33:33'),
('iPRE8AD2shGBk7b3aUHNo6exT5ctXF', '257106', 'SITI NURYATI', 'WONOSOBO', '1943-06-12', 1, 0, 0, 'RT 7/ RW2, Kelurahan TEGALPANGGUNG,DANUREJAN Kota Yogyakarta, DIY', 'DANUREJAN', 'TEGALPANGGUNG', '2', '7', '3', 1, NULL, '2022-04-11 21:33:33'),
('is4F9DAwjEJv23nKeBtUapCuZqdVWL', '162453', 'MASILAH', 'YOGYAKARTA', '1960-02-29', 1, 0, 0, 'RT 7/ RW2, Kelurahan BENER,TEGALREJO Kota Yogyakarta, DIY', 'TEGALREJO', 'BENER', '2', '7', '5', 1, NULL, '2022-04-11 21:33:33'),
('iZCwKFA7dxN5H8nvsB4uy6GPtYglTm', '20455', 'NUR JAMILAH AS SA\'ADAH', 'SLEMAN', '1993-11-02', 1, 0, 0, 'RT 5/ RW2, Kelurahan GIWANGAN,UMBULHARJO Kota Yogyakarta, DIY', 'UMBULHARJO', 'GIWANGAN', '2', '5', '4', 1, NULL, '2022-04-11 21:33:33'),
('J5RhZpQW2xeiMFHmXu7q8YgKA0S9Tn', '168361', 'SUWONDO WAHYU RISDIYANTO S.T.', 'YOGYAKARTA', '1969-03-30', 1, 1, 0, 'RT 5/ RW2, Kelurahan SEMAKI,UMBULHARJO Kota Yogyakarta, DIY', 'UMBULHARJO', 'SEMAKI', '2', '5', '3', 1, NULL, '2022-04-11 21:33:33'),
('jaB4Y6mbwFUuSA29H0P3IOQXRhpEcM', '211693', 'FITRI ROCHMAWATI', 'YOGYAKARTA', '1983-07-11', 1, 0, 0, 'RT 3/ RW1, Kelurahan SOROSUTAN,UMBULHARJO Kota Yogyakarta, DIY', 'UMBULHARJO', 'SOROSUTAN', '1', '3', '4', 1, NULL, '2022-04-11 21:33:33'),
('JaUkd7eLCoYO4EwbfZPuS8qx9glA2H', '230428', 'HARJITO', 'YOGYAKARTA', '1970-02-05', 1, 1, 0, 'RT 3/ RW1, Kelurahan PURBAYAN,KOTAGEDE Kota Yogyakarta, DIY', 'KOTAGEDE', 'PURBAYAN', '1', '3', '2', 1, NULL, '2022-04-11 21:33:33'),
('JC9Rr6wN1dpD8PvXTQO5Uu7g2qGljx', '243751', 'JOHANES NUGROHO ADI', 'MANOKWARI', '1970-09-30', 1, 1, 0, 'RT 1/ RW1, Kelurahan BACIRO,GONDOKUSUMAN Kota Yogyakarta, DIY', 'GONDOKUSUMAN', 'BACIRO', '1', '1', '1', 1, NULL, '2022-04-11 21:33:33'),
('jDENR9BcTQ3aidPOYVZ8hbU2uHvGLK', '349702', 'GREGORIUS JEMMY HARTANTO', 'YOGYAKARTA', '2001-07-15', 0, 1, 0, 'RT 1/ RW1, Kelurahan TEGALREJO,TEGALREJO Kota Yogyakarta, DIY', 'TEGALREJO', 'TEGALREJO', '1', '1', '1', 1, NULL, '2022-04-11 21:33:33');
INSERT INTO `tbl_pemilih` (`id_pemilih`, `nik_pemilih`, `nama_pemilih`, `lahir_pemilih`, `tgl_lahir_pemilih`, `perkawinan_pemilih`, `gender_pemilih`, `difable_pemilih`, `alamat_pemilih`, `kecamatan_pemilih`, `kelurahan_pemilih`, `rw_pemilih`, `rt_pemilih`, `id_tps`, `domisili_pemilih`, `id_user`, `created_pemilih`) VALUES
('JdUmpW0RaIzAKXi7yl3ZrNOMYV2Twn', '279980', 'NINUK YULI NINGRUM', 'YOGYAKARTA', '1995-07-09', 0, 0, 0, 'RT 9/ RW2, Kelurahan KADIPATEN,KRATON Kota Yogyakarta, DIY', 'KRATON', 'KADIPATEN', '2', '9', '4', 1, NULL, '2022-04-11 21:33:33'),
('JeAiq04yufpgn2vjOI9LPl7SQRTd68', '138741', 'BERNITA', 'SEMARANG', '1970-09-09', 1, 0, 0, 'RT 8/ RW3, Kelurahan PANEMBAHAN,KRATON Kota Yogyakarta, DIY', 'KRATON', 'PANEMBAHAN', '3', '8', '4', 1, NULL, '2022-04-11 21:33:33'),
('jfJhwgxDWbkY2FSXKH6N804ao1ue9P', '461771', 'SAPTO MARTONO', 'YOGYAKARTA', '1978-05-24', 1, 1, 0, 'RT 9/ RW2, Kelurahan PRENGGAN,KOTAGEDE Kota Yogyakarta, DIY', 'KOTAGEDE', 'PRENGGAN', '2', '9', '10', 1, NULL, '2022-04-11 21:33:33'),
('JgKr14VtOswCi2D68cnouSqmlGZPIh', '374217', 'GALIH WARDANI', 'BANTUL', '1990-04-08', 1, 1, 0, 'RT 5/ RW2, Kelurahan KRICAK,TEGALREJO Kota Yogyakarta, DIY', 'TEGALREJO', 'KRICAK', '2', '5', '5', 1, NULL, '2022-04-11 21:33:33'),
('JgPu7ObTNhAMVF2w3Z6cQEjys4zpCS', '1846', 'PEMBAJENG YOPI  AMARTOYO', 'SLEMAN', '1992-05-12', 1, 1, 0, 'RT 8/ RW2, Kelurahan PRINGGOKUSUMAN,GEDONGTENGEN Kota Yogyakarta, DIY', 'GEDONGTENGEN', 'PRINGGOKUSUMAN', '2', '8', '6', 1, NULL, '2022-04-11 21:33:33'),
('jgwWhExXLSmOrKzvaIb3Mlqc9P5C8n', '386853', 'AIFI YUNIATY CHEN', 'PANCOR', '1954-11-08', 1, 0, 0, 'RT 3/ RW1, Kelurahan GOWONGAN,JETIS Kota Yogyakarta, DIY', 'JETIS', 'GOWONGAN', '1', '3', '1', 1, NULL, '2022-04-11 21:33:33'),
('jp81KbY6tUTwSPeFvshdRfJ5zV9XD2', '391769', 'ERVAN DWI APRILIYANTO', 'BANTUL', '1993-04-19', 0, 1, 0, 'RT 10/ RW2, Kelurahan KEPARAKAN,MERGANGSAN Kota Yogyakarta, DIY', 'MERGANGSAN', 'KEPARAKAN', '2', '10', '3', 1, NULL, '2022-04-11 21:33:33'),
('JsITa2b0dly7mfR3g4WkVMqCHwXFZP', '1813', 'MARYANI', 'YOGYAKARTA', '1975-07-28', 1, 0, 0, 'RT 2/ RW1, Kelurahan PRINGGOKUSUMAN,GEDONGTENGEN Kota Yogyakarta, DIY', 'GEDONGTENGEN', 'PRINGGOKUSUMAN', '1', '2', '2', 1, NULL, '2022-04-11 21:33:33'),
('JWRtT4rjmOCFIXaHDiuU2klephPwsN', '373808', 'BAYU SUMIYANTO', 'JAK-TIM', '1958-05-29', 1, 1, 0, 'RT 6/ RW2, Kelurahan WIROGUNAN,MERGANGSAN Kota Yogyakarta, DIY', 'MERGANGSAN', 'WIROGUNAN', '2', '6', '4', 1, NULL, '2022-04-11 21:33:33'),
('JZQfa3ilqOum2oBpXwzcDHjxgr4yS7', '348290', 'ANISA NURUL PRATIWI', 'YOGYAKARTA', '2001-11-22', 0, 0, 0, 'RT 8/ RW2, Kelurahan PANDEYAN,UMBULHARJO Kota Yogyakarta, DIY', 'UMBULHARJO', 'PANDEYAN', '2', '8', '5', 1, NULL, '2022-04-11 21:33:33'),
('K4Jix9QPu20LAU7WkyXzYFbsrV8Ect', '18724', 'ZULFIKAR PRAMADHANA', 'YOGYAKARTA', '2001-11-13', 0, 1, 0, 'RT 4/ RW2, Kelurahan GIWANGAN,UMBULHARJO Kota Yogyakarta, DIY', 'UMBULHARJO', 'GIWANGAN', '2', '4', '4', 1, NULL, '2022-04-11 21:33:33'),
('K6jFyI0sbdifLuaH2lzTV9StOCoBD1', '236469', 'MAHRETA ADI KUNCORO', 'JEMBER', '1987-02-03', 1, 1, 0, 'RT 7/ RW3, Kelurahan PRAWIRODIRJAN,GONDOMANAN Kota Yogyakarta, DIY', 'GONDOMANAN', 'PRAWIRODIRJAN', '3', '7', '2', 1, NULL, '2022-04-11 21:33:33'),
('k8UHm4rDwhcG10ogejXPSYsBM9tF3y', '279512', 'SURAJIMAN.GIMAN', 'YOGYAKARTA', '1960-04-27', 1, 1, 0, 'RT 4/ RW1, Kelurahan KADIPATEN,KRATON Kota Yogyakarta, DIY', 'KRATON', 'KADIPATEN', '1', '4', '2', 1, NULL, '2022-04-11 21:33:33'),
('k9S7TFa2A1V3mcI5qJdyvnEzuZhGf8', '102349', 'ANURUL WATI', 'CIREBON', '1991-05-22', 1, 0, 0, 'RT 4/ RW1, Kelurahan PAKUNCEN,WIROBRAJAN Kota Yogyakarta, DIY', 'WIROBRAJAN', 'PAKUNCEN', '1', '4', '3', 1, NULL, '2022-04-11 21:33:33'),
('kDz1dpcFgGmINhPQMWAo9xB6s0Uwnj', '283059', 'WILLYAM HENDRI SARAGIH SH', 'MEDAN', '1984-06-16', 1, 1, 0, 'RT 6/ RW2, Kelurahan KARANGWARU,TEGALREJO Kota Yogyakarta, DIY', 'TEGALREJO', 'KARANGWARU', '2', '6', '4', 1, NULL, '2022-04-11 21:33:33'),
('KF2g3MTjvuxAzHLwOVfCD1nNXblsRE', '32088', 'DODOT IRSANTO', 'YOGYAKARTA', '1976-09-16', 1, 1, 0, 'RT 5/ RW2, Kelurahan PURBAYAN,KOTAGEDE Kota Yogyakarta, DIY', 'KOTAGEDE', 'PURBAYAN', '2', '5', '3', 1, NULL, '2022-04-11 21:33:33'),
('KOuoNgXeGFpwmv9xV4iraYzCIsbDUn', '279518', 'NURFITRI WAHYUNI', 'YOGYAKARTA', '1979-08-24', 1, 0, 0, 'RT 5/ RW1, Kelurahan KADIPATEN,KRATON Kota Yogyakarta, DIY', 'KRATON', 'KADIPATEN', '1', '5', '2', 1, NULL, '2022-04-11 21:33:33'),
('KP6e3AB5WfCFwdxOSchrXIkvHGQtnL', '127571', 'DALKASIONO', 'YOGYAKARTA', '1956-06-16', 1, 1, 0, 'RT 6/ RW2, Kelurahan WARUNGBOTO,UMBULHARJO Kota Yogyakarta, DIY', 'UMBULHARJO', 'WARUNGBOTO', '2', '6', '4', 1, NULL, '2022-04-11 21:33:34'),
('Kp7JQToYsX0614DGOitWVk8nwhlFZR', '102588', 'KHOERIAWATI TORIPAH', 'BANYUMAS', '1989-09-10', 1, 0, 0, 'RT 5/ RW1, Kelurahan WIROBRAJAN,WIROBRAJAN Kota Yogyakarta, DIY', 'WIROBRAJAN', 'WIROBRAJAN', '1', '5', '1', 1, NULL, '2022-04-11 21:33:33'),
('L0Fb7mIdKowBykpe5TqQvuJcPjnUt9', '166723', 'SUTARMINI', 'YOGYAKARTA', '1989-02-15', 1, 0, 0, 'RT 2/ RW1, Kelurahan SEMAKI,UMBULHARJO Kota Yogyakarta, DIY', 'UMBULHARJO', 'SEMAKI', '1', '2', '2', 1, NULL, '2022-04-11 21:33:33'),
('L4NJGabo67EUjBicHYyhtZFd9WwpRA', '381947', 'CHRISTIANA', 'YOGYAKARTA', '1966-08-19', 1, 0, 0, 'RT 8/ RW3, Kelurahan KLITREN,GONDOKUSUMAN Kota Yogyakarta, DIY', 'GONDOKUSUMAN', 'KLITREN', '3', '8', '5', 1, NULL, '2022-04-11 21:33:33'),
('lHA2rZGe4o78Dvz1IiXcQ9h6YC5ukU', '243719', 'BAMBANG SUNARTO', 'MAGELANG', '1981-01-31', 1, 1, 0, 'RT 7/ RW3, Kelurahan BACIRO,GONDOKUSUMAN Kota Yogyakarta, DIY', 'GONDOKUSUMAN', 'BACIRO', '3', '7', '4', 1, NULL, '2022-04-11 21:33:33'),
('LHA4SlGPBCEzdUVKivJk2QnZDXp5wx', '295033', 'PRABOWO SETYO HARTONO', 'DENPASAR', '1978-10-27', 1, 1, 0, 'RT 5/ RW2, Kelurahan BAUSASRAN,DANUREJAN Kota Yogyakarta, DIY', 'DANUREJAN', 'BAUSASRAN', '2', '5', '4', 1, NULL, '2022-04-11 21:33:33'),
('LjiE8QXfIK7gUcpAbFs5rmDwV96RoZ', '376860', 'EKO SUBEKTI', 'YOGYAKARTA', '1963-04-10', 1, 1, 0, 'RT 10/ RW3, Kelurahan WIROGUNAN,MERGANGSAN Kota Yogyakarta, DIY', 'MERGANGSAN', 'WIROGUNAN', '3', '10', '6', 1, NULL, '2022-04-11 21:33:33'),
('lMCE98ngkpSW6zLKfF7yJVAwrHbe31', '130404', 'SITI ROMLAH.NY', 'PURWOREJO', '1964-02-01', 1, 0, 0, 'RT 9/ RW2, Kelurahan SOSROMENDURAN,GEDONGTENGEN Kota Yogyakarta, DIY', 'GEDONGTENGEN', 'SOSROMENDURAN', '2', '9', '5', 1, NULL, '2022-04-11 21:33:33'),
('lOGSNQxo16DHb98tq0hCUZpXawIjW2', '283557', 'HIZBULMUNA TIRTOBENING', 'JAKARTA', '1984-10-28', 1, 1, 0, 'RT 1/ RW1, Kelurahan BRONTOKUSUMAN,MERGANGSAN Kota Yogyakarta, DIY', 'MERGANGSAN', 'BRONTOKUSUMAN', '1', '1', '1', 1, NULL, '2022-04-11 21:33:33'),
('lpsXRFTYQEuOaZq0VPSfxAd1yWNvin', '294264', 'DWI WAHYUNINGSIH', 'SINTANG', '1989-11-04', 1, 0, 0, 'RT 3/ RW1, Kelurahan BAUSASRAN,DANUREJAN Kota Yogyakarta, DIY', 'DANUREJAN', 'BAUSASRAN', '1', '3', '2', 1, NULL, '2022-04-11 21:33:33'),
('LQ8MgKk6jrha5TENBiqAYumxbeVtZ7', '100194', 'ITA YUSNIA', 'YOGYAKARTA', '1985-02-16', 1, 0, 0, 'RT 2/ RW1, Kelurahan NOTOPRAJAN,NGAMPILAN Kota Yogyakarta, DIY', 'NGAMPILAN', 'NOTOPRAJAN', '1', '2', '1', 1, NULL, '2022-04-11 21:33:33'),
('LsH8UocR9kGFT16hzDpvVAEQNlrWYJ', '485272', 'AGNES TAUFANINGTYAS', 'YOGYAKARTA', '1986-10-10', 1, 0, 0, 'RT 3/ RW1, Kelurahan SURYATMAJAN,DANUREJAN Kota Yogyakarta, DIY', 'DANUREJAN', 'SURYATMAJAN', '1', '3', '1', 1, NULL, '2022-04-11 21:33:33'),
('LSOAxIgs9w8kTHQBC6mMuNn7eKqfc4', '241703', 'FERDIANSYAH Z', 'TEGAL', '1986-12-09', 1, 1, 0, 'RT 3/ RW1, Kelurahan PRAWIRODIRJAN,GONDOMANAN Kota Yogyakarta, DIY', 'GONDOMANAN', 'PRAWIRODIRJAN', '1', '3', '1', 1, NULL, '2022-04-11 21:33:33'),
('luIpixbgtRYJzQoawdMLVkG0hS5cFr', '158134', 'MUHAMMAD ARIF ZULFIKAR,S.KOM', 'MAGELANG', '1989-06-05', 1, 1, 0, 'RT 3/ RW1, Kelurahan DEMANGAN,GONDOKUSUMAN Kota Yogyakarta, DIY', 'GONDOKUSUMAN', 'DEMANGAN', '1', '3', '2', 1, NULL, '2022-04-11 21:33:33'),
('LuoIVZFrOSWaeq4wy6D7Q9Nd3ixcsl', '55775', 'DRS.H. SUMARGANDI, M. Si', 'YOGYAKARTA', '1969-03-13', 1, 1, 0, 'RT 9/ RW3, Kelurahan GUNUNGKETUR,PAKUALAMAN Kota Yogyakarta, DIY', 'PAKUALAMAN', 'GUNUNGKETUR', '3', '9', '4', 1, NULL, '2022-04-11 21:33:33'),
('lWFYX3cP2nL8jURwSaEA1BCTu5V9hM', '216768', 'YAMIN BERNARD', 'TELUK BETUNG', '1980-06-11', 1, 1, 0, 'RT 2/ RW1, Kelurahan COKRODININGRATAN,JETIS Kota Yogyakarta, DIY', 'JETIS', 'COKRODININGRATAN', '1', '2', '1', 1, NULL, '2022-04-11 21:33:33'),
('lYUKNVmyvcn6DtjLubOJ4TfIgo8Bwq', '243730', 'RAHAYU SULASTIANTINI', 'YOGYAKARTA', '1994-03-29', 1, 0, 0, 'RT 4/ RW2, Kelurahan BACIRO,GONDOKUSUMAN Kota Yogyakarta, DIY', 'GONDOKUSUMAN', 'BACIRO', '2', '4', '3', 1, NULL, '2022-04-11 21:33:33'),
('lzVM1b6Jf2pCQ87DO9KwjFYPhmGxyk', '138711', 'SAHID HADI', 'BUKITTINGGI', '1996-02-27', 0, 1, 0, 'RT 4/ RW2, Kelurahan PANEMBAHAN,KRATON Kota Yogyakarta, DIY', 'KRATON', 'PANEMBAHAN', '2', '4', '2', 1, NULL, '2022-04-11 21:33:33'),
('M7jdqfP4BVxGeDk2p1vsYE50toWL6U', '102589', 'ANINDYA KUSUMAWATI', 'CILACAP', '1984-05-09', 1, 0, 0, 'RT 1/ RW1, Kelurahan WIROBRAJAN,WIROBRAJAN Kota Yogyakarta, DIY', 'WIROBRAJAN', 'WIROBRAJAN', '1', '1', '1', 1, NULL, '2022-04-11 21:33:33'),
('m7xGaF6V2J1fuA9hcq0DzpsZBotyO5', '243486', 'BENJAMIN HARYONO', 'BOGOR', '1997-02-22', 0, 1, 0, 'RT 10/ RW4, Kelurahan PRAWIRODIRJAN,GONDOMANAN Kota Yogyakarta, DIY', 'GONDOMANAN', 'PRAWIRODIRJAN', '4', '10', '3', 1, NULL, '2022-04-11 21:33:33'),
('M7zq1YE5QKp346BfVTloP8hxeXSO0k', '298019', 'BENITIUS WARDIYONO PRIHANTORO', 'YOGYAKARTA', '1969-04-08', 0, 1, 0, 'RT 10/ RW4, Kelurahan BACIRO,GONDOKUSUMAN Kota Yogyakarta, DIY', 'GONDOKUSUMAN', 'BACIRO', '4', '10', '6', 1, NULL, '2022-04-11 21:33:33'),
('McVAvyeY47id5qXEpOtChD0UbJFosS', '243750', 'M CORRY AGUSTINA P', 'SURAKARTA', '1986-08-28', 1, 0, 0, 'RT 2/ RW1, Kelurahan BACIRO,GONDOKUSUMAN Kota Yogyakarta, DIY', 'GONDOKUSUMAN', 'BACIRO', '1', '2', '1', 1, NULL, '2022-04-11 21:33:33'),
('MFd4xlsa90Nuc5v2rXi3YzITHfm6hR', '138729', 'WAHYU NILA PUSPITA', 'YOGYAKARTA', '1976-03-15', 1, 0, 0, 'RT 9/ RW3, Kelurahan PANEMBAHAN,KRATON Kota Yogyakarta, DIY', 'KRATON', 'PANEMBAHAN', '3', '9', '4', 1, NULL, '2022-04-11 21:33:33'),
('MIGldBeVhSq0tFALROCbvjfcUYim95', '99701', 'MUSLIMAH', 'AMUNTAI', '1982-05-03', 1, 0, 0, 'RT 7/ RW2, Kelurahan NGAMPILAN,NGAMPILAN Kota Yogyakarta, DIY', 'NGAMPILAN', 'NGAMPILAN', '2', '7', '4', 1, NULL, '2022-04-11 21:33:33'),
('miwtsYduPSUaOnGBRHFI2k30xrCXbD', '311774', 'SHEVA MAULANA RAZAK FIRDAUSIY', 'SLEMAN', '2001-10-12', 0, 1, 0, 'RT 7/ RW3, Kelurahan KARANGWARU,TEGALREJO Kota Yogyakarta, DIY', 'TEGALREJO', 'KARANGWARU', '3', '7', '8', 1, NULL, '2022-04-11 21:33:33'),
('mJP9ZlG7uYEHjbgWc8DKz54SQI0Lhe', '336614', 'ANDY FIRMANTO', 'SEMARANG', '1971-05-03', 1, 1, 0, 'RT 1/ RW1, Kelurahan GOWONGAN,JETIS Kota Yogyakarta, DIY', 'JETIS', 'GOWONGAN', '1', '1', '1', 1, NULL, '2022-04-11 21:33:33'),
('ml5rg9I8DZUPoEexz4VkJNC3piwLRv', '220762', 'FEBIANTO', 'BANDUNG', '1988-02-16', 0, 1, 0, 'RT 10/ RW3, Kelurahan COKRODININGRATAN,JETIS Kota Yogyakarta, DIY', 'JETIS', 'COKRODININGRATAN', '3', '10', '7', 1, NULL, '2022-04-11 21:33:33'),
('mn6HgOfe5GiTdQWPBwEF7SjC8xD3bq', '180215', 'ALIF WANODYA PRASETYO', 'YOGYAKARTA', '2001-03-16', 0, 0, 0, 'RT 8/ RW2, Kelurahan WIROBRAJAN,WIROBRAJAN Kota Yogyakarta, DIY', 'WIROBRAJAN', 'WIROBRAJAN', '2', '8', '5', 1, NULL, '2022-04-11 21:33:33'),
('MpLZxs6yI52bVKDnaB7T4hquwrmJXF', '304033', 'FEBRINA ADE RAMADHANI', 'YOGYAKARTA', '1993-02-27', 1, 0, 0, 'RT 4/ RW1, Kelurahan BUMIJO,JETIS Kota Yogyakarta, DIY', 'JETIS', 'BUMIJO', '1', '4', '2', 1, NULL, '2022-04-11 21:33:33'),
('MsBZJVxpPtv4ARYWH2GQNDmXzlgO8e', '183127', 'DR. SYAHRIZAL', 'YOGYAKARTA', '1990-04-04', 1, 1, 0, 'RT 8/ RW3, Kelurahan PATEHAN,KRATON Kota Yogyakarta, DIY', 'KRATON', 'PATEHAN', '3', '8', '5', 1, NULL, '2022-04-11 21:33:33'),
('mTaGq0Z3XjhNvxCoScEiwBUnMg7J9F', '285009', 'MUHAMAD MATIN', 'YOGYAKARTA', '1991-10-31', 0, 1, 0, 'RT 6/ RW2, Kelurahan BRONTOKUSUMAN,MERGANGSAN Kota Yogyakarta, DIY', 'MERGANGSAN', 'BRONTOKUSUMAN', '2', '6', '2', 1, NULL, '2022-04-11 21:33:33'),
('mVHChLWBUfQSvGt0sdKqbR9pYOrxIX', '374229', 'PIPIT NOVIDAYANTI', 'YOGYAKARTA', '1992-05-25', 1, 0, 0, 'RT 8/ RW2, Kelurahan KRICAK,TEGALREJO Kota Yogyakarta, DIY', 'TEGALREJO', 'KRICAK', '2', '8', '8', 1, NULL, '2022-04-11 21:33:33'),
('my1fxnBMOXesDJ2rpo6TYbdiCNuRQ5', '138461', 'GURUH DICKI KURNIAWAN', 'YOGYAKARTA', '2001-12-12', 0, 1, 0, 'RT 3/ RW1, Kelurahan PANEMBAHAN,KRATON Kota Yogyakarta, DIY', 'KRATON', 'PANEMBAHAN', '1', '3', '1', 1, NULL, '2022-04-11 21:33:33'),
('mZc0b4v5HMpaByIX3dVYikLgKn2stO', '133054', 'CRISTOPHER EDISON', 'YOGYAKARTA', '1984-02-12', 1, 1, 0, 'RT 5/ RW2, Kelurahan SOROSUTAN,UMBULHARJO Kota Yogyakarta, DIY', 'UMBULHARJO', 'SOROSUTAN', '2', '5', '5', 1, NULL, '2022-04-11 21:33:33'),
('N1CuezK8os4wRY2fhvkM76HnWVat0B', '51552', 'MUHAMMAD KEMAL PASHA AL GHANI', 'YOGYAKARTA', '2001-03-14', 0, 1, 0, 'RT 9/ RW3, Kelurahan GUNUNGKETUR,PAKUALAMAN Kota Yogyakarta, DIY', 'PAKUALAMAN', 'GUNUNGKETUR', '3', '9', '4', 1, NULL, '2022-04-11 21:33:33'),
('NaBYPnzw9lULCkMGvseTIQ6xqgpWyD', '133057', 'MEIKE ITA SUSANTI', 'YOGYAKARTA', '1992-05-20', 1, 0, 0, 'RT 6/ RW2, Kelurahan SOROSUTAN,UMBULHARJO Kota Yogyakarta, DIY', 'UMBULHARJO', 'SOROSUTAN', '2', '6', '6', 1, NULL, '2022-04-11 21:33:33'),
('ngOyNBTMcA8fmQJ5oClvxdVY7ZzIs1', '243746', 'FIRLY FERDINSYAH', 'JAKARTA', '1980-08-22', 1, 1, 0, 'RT 3/ RW1, Kelurahan BACIRO,GONDOKUSUMAN Kota Yogyakarta, DIY', 'GONDOKUSUMAN', 'BACIRO', '1', '3', '2', 1, NULL, '2022-04-11 21:33:33'),
('nHqZ1pk7XrKGgxUusELodPI8a0jcCm', '304028', 'SAIFUL GANI', 'BANJARMASIN', '1966-10-10', 1, 1, 0, 'RT 2/ RW1, Kelurahan BUMIJO,JETIS Kota Yogyakarta, DIY', 'JETIS', 'BUMIJO', '1', '2', '1', 1, NULL, '2022-04-11 21:33:33'),
('njqVKsOoztuLAdT4vbc6my1I8Dhpw7', '289942', 'NUR HANIFAH.H', 'YOGYAKARTA', '1988-05-02', 1, 0, 0, 'RT 1/ RW1, Kelurahan REJOWINANGUN,KOTAGEDE Kota Yogyakarta, DIY', 'KOTAGEDE', 'REJOWINANGUN', '1', '1', '1', 1, NULL, '2022-04-11 21:33:33'),
('nLVE7svBORwYbuXlP4oxeg9UKZi63Q', '336665', 'SRI SUWARTININGSIH', 'GUNUNG KIDUL', '1991-08-16', 1, 0, 0, 'RT 7/ RW2, Kelurahan GOWONGAN,JETIS Kota Yogyakarta, DIY', 'JETIS', 'GOWONGAN', '2', '7', '3', 1, NULL, '2022-04-11 21:33:33'),
('nmlvNSPpfjOgyDxAz3W5FhcusYLo6w', '163283', 'SUJILAH', 'YOGYAKARTA', '1966-05-24', 1, 0, 0, 'RT 8/ RW3, Kelurahan BENER,TEGALREJO Kota Yogyakarta, DIY', 'TEGALREJO', 'BENER', '3', '8', '6', 1, NULL, '2022-04-11 21:33:33'),
('nrg9p2eomGL5bkdhU1sMwWOPcSiQNX', '102357', 'IKE RETNA LISTYADEWI', 'YOGYAKARTA', '1990-03-22', 1, 0, 0, 'RT 6/ RW1, Kelurahan PAKUNCEN,WIROBRAJAN Kota Yogyakarta, DIY', 'WIROBRAJAN', 'PAKUNCEN', '1', '6', '5', 1, NULL, '2022-04-11 21:33:33'),
('nSqzsE7ZjG1c5givNMJD46AoUdRkTC', '285637', 'HERU BUDI SULISTIYONO', 'KLATEN', '1976-04-16', 1, 1, 0, 'RT 10/ RW4, Kelurahan KARANGWARU,TEGALREJO Kota Yogyakarta, DIY', 'TEGALREJO', 'KARANGWARU', '4', '10', '10', 1, NULL, '2022-04-11 21:33:33'),
('nulTYaOKJSxQ3wdv5birzfABoIpNeP', '318999', 'SARORO', 'SURAKARTA', '1957-10-25', 1, 1, 0, 'RT 1/ RW1, Kelurahan KOTABARU,GONDOKUSUMAN Kota Yogyakarta, DIY', 'GONDOKUSUMAN', 'KOTABARU', '1', '1', '1', 1, NULL, '2022-04-11 21:33:33'),
('nv5VGhHwLocxIdaSClsJzrQpgt3WE8', '180673', 'YULIUS ANUNG SUJATMOKO', 'WONOGIRI', '1972-07-06', 1, 1, 0, 'RT 5/ RW2, Kelurahan SURYODININGRATAN,MANTRIJERON Kota Yogyakarta, DIY', 'MANTRIJERON', 'SURYODININGRATAN', '2', '5', '3', 1, NULL, '2022-04-11 21:33:33'),
('nVHDsrwJ5ku9lN08EIX3UeAgPBhZ2T', '377705', 'WILMA PUSPA RANI', 'YOGYAKARTA', '1991-08-23', 1, 0, 0, 'RT 5/ RW3, Kelurahan KOTABARU,GONDOKUSUMAN Kota Yogyakarta, DIY', 'GONDOKUSUMAN', 'KOTABARU', '3', '5', '3', 1, NULL, '2022-04-11 21:33:33'),
('NYdTDuJ1Ghn3zWw6qZsQ9R8rmkg5MC', '375948', 'PRAKOSO PUJONO', 'YOGYAKARTA', '1959-03-05', 1, 1, 0, 'RT 8/ RW3, Kelurahan WIROGUNAN,MERGANGSAN Kota Yogyakarta, DIY', 'MERGANGSAN', 'WIROGUNAN', '3', '8', '5', 1, NULL, '2022-04-11 21:33:33'),
('NZ3qrlz2ai0VMIgG6SRWDpAv8FesjC', '294779', 'HERU PRIA WARJAKA', 'YOGYAKARTA', '1957-05-28', 1, 1, 0, 'RT 4/ RW2, Kelurahan BAUSASRAN,DANUREJAN Kota Yogyakarta, DIY', 'DANUREJAN', 'BAUSASRAN', '2', '4', '3', 1, NULL, '2022-04-11 21:33:33'),
('O2Q1jq8zkG5rvfUyXgxlRCId0aHm79', '393099', 'ERAS SETYO YUDHANTO', 'YOGYAKARTA', '1992-06-25', 0, 1, 0, 'RT 7/ RW2, Kelurahan KEPARAKAN,MERGANGSAN Kota Yogyakarta, DIY', 'MERGANGSAN', 'KEPARAKAN', '2', '7', '4', 1, NULL, '2022-04-11 21:33:33'),
('OaVuCPpArTc4tN9gLHSY1x52vDqyRM', '384823', 'FITRI NUR CHANA', 'BANTUL', '1982-07-12', 1, 0, 0, 'RT 8/ RW2, Kelurahan MANTRIJERON,MANTRIJERON Kota Yogyakarta, DIY', 'MANTRIJERON', 'MANTRIJERON', '2', '8', '3', 1, NULL, '2022-04-11 21:33:33'),
('OD0519EMAwPnVmYRN4hbzv8q2efu6c', '166724', 'FERRY RUSDIANTO', 'YOGYAKARTA', '1982-02-09', 1, 1, 0, 'RT 3/ RW1, Kelurahan SEMAKI,UMBULHARJO Kota Yogyakarta, DIY', 'UMBULHARJO', 'SEMAKI', '1', '3', '2', 1, NULL, '2022-04-11 21:33:33'),
('OGEYjDoI8MmxBPSW2eatUhvCLNkgVb', '295800', 'M NASRUN', 'BUKIT TINGGI', '1944-10-10', 1, 1, 0, 'RT 7/ RW2, Kelurahan BAUSASRAN,DANUREJAN Kota Yogyakarta, DIY', 'DANUREJAN', 'BAUSASRAN', '2', '7', '5', 1, NULL, '2022-04-11 21:33:33'),
('ok1tST7KDaxuWViqCAXbEpZ3M208Lc', '347405', 'EDY SULISTYONO', 'YOGYAKARTA', '1979-10-27', 1, 1, 0, 'RT 4/ RW1, Kelurahan TERBAN,GONDOKUSUMAN Kota Yogyakarta, DIY', 'GONDOKUSUMAN', 'TERBAN', '1', '4', '3', 1, NULL, '2022-04-11 21:33:33'),
('OklrnsZN4bLDTU7YJeHuBgFAGWtj9q', '208296', 'BERNARDUS ANANTO K.', 'YOGYAKARTA', '1978-09-01', 1, 1, 0, 'RT 5/ RW2, Kelurahan SURYATMAJAN,DANUREJAN Kota Yogyakarta, DIY', 'DANUREJAN', 'SURYATMAJAN', '2', '5', '2', 1, NULL, '2022-04-11 21:33:33'),
('oO1r3IvQz75RdbPuwCY4lcZ06SGF29', '286962', 'GUNTORO', 'SURAKARTA', '1963-12-01', 1, 1, 0, 'RT 9/ RW3, Kelurahan PURBAYAN,KOTAGEDE Kota Yogyakarta, DIY', 'KOTAGEDE', 'PURBAYAN', '3', '9', '6', 1, NULL, '2022-04-11 21:33:33'),
('OSbtcgI5heErsoYuDd9CwTU0GmHf8F', '143489', 'TUKIRAH', 'YOGYAKARTA', '1967-10-07', 1, 0, 0, 'RT 2/ RW1, Kelurahan GEDONGKIWO,MANTRIJERON Kota Yogyakarta, DIY', 'MANTRIJERON', 'GEDONGKIWO', '1', '2', '1', 1, NULL, '2022-04-11 21:33:33'),
('oSdz0fH8O4cLUR7YX9G6JglrvepxDi', '368358', 'BILLY JETHROKUSUMO', 'MALANG', '1970-06-26', 1, 1, 0, 'RT 3/ RW1, Kelurahan KOTABARU,GONDOKUSUMAN Kota Yogyakarta, DIY', 'GONDOKUSUMAN', 'KOTABARU', '1', '3', '1', 1, NULL, '2022-04-11 21:33:33'),
('oxt1aXdIYkb0cgF3GNsDJElfp8TB5r', '170135', 'AHMAD EKO YULIANTO', 'BENGKALIS DUMAI', '1989-07-06', 1, 1, 0, 'RT 9/ RW3, Kelurahan SEMAKI,UMBULHARJO Kota Yogyakarta, DIY', 'UMBULHARJO', 'SEMAKI', '3', '9', '5', 1, NULL, '2022-04-11 21:33:33'),
('p1C6sxMG85YHvwOBQhni3R0tu9DPqT', '124855', 'ANIFAH', 'BANTUL', '1980-08-10', 1, 0, 0, 'RT 7/ RW3, Kelurahan MUJAMUJU,UMBULHARJO Kota Yogyakarta, DIY', 'UMBULHARJO', 'MUJAMUJU', '3', '7', '7', 1, NULL, '2022-04-11 21:33:33'),
('p5Wjw82KBFTDhLkibogaOrMSZqlXxe', '101885', 'ZAKIAH ATTHOHIROH', 'KAPUAS', '1985-07-08', 1, 0, 0, 'RT 7/ RW1, Kelurahan PATANGPULUHAN,WIROBRAJAN Kota Yogyakarta, DIY', 'WIROBRAJAN', 'PATANGPULUHAN', '1', '7', '3', 1, NULL, '2022-04-11 21:33:33'),
('P8eSNbU3DLRzAO4XMBcxwiEK0mG5Hh', '55768', 'A. SUKO HARYANTO', 'UJUNG PANDANG', '1963-05-30', 1, 1, 0, 'RT 8/ RW2, Kelurahan GUNUNGKETUR,PAKUALAMAN Kota Yogyakarta, DIY', 'PAKUALAMAN', 'GUNUNGKETUR', '2', '8', '3', 1, NULL, '2022-04-11 21:33:33'),
('PD7bAJvMcQW0kZs86El4uYSNiKH1Ct', '279965', 'ASYARI YUDHI IRVANSYAH', 'YOGYAKARTA', '1987-07-22', 1, 1, 0, 'RT 8/ RW2, Kelurahan KADIPATEN,KRATON Kota Yogyakarta, DIY', 'KRATON', 'KADIPATEN', '2', '8', '3', 1, NULL, '2022-04-11 21:33:33'),
('PEJUZV9lc0o5gfwNpx6hRLC8uds2QB', '4417', 'MARDWIYANTO K.', 'YOGYAKARTA', '1972-03-21', 0, 1, 0, 'RT 3/ RW1, Kelurahan NGUPASAN,GONDOMANAN Kota Yogyakarta, DIY', 'GONDOMANAN', 'NGUPASAN', '1', '3', '1', 1, NULL, '2022-04-11 21:33:33'),
('pHYWfKzyZa4USLFDOc0XvPtwusmB8h', '148192', 'NUR MALITASARI', 'SLEMAN', '1989-03-14', 1, 0, 0, 'RT 4/ RW2, Kelurahan SURYATMAJAN,DANUREJAN Kota Yogyakarta, DIY', 'DANUREJAN', 'SURYATMAJAN', '2', '4', '1', 1, NULL, '2022-04-11 21:33:33'),
('PicvwOlFRWmIJUqjyNTeXQKt8H1bnV', '386736', 'DAVID AGUS WIDARTO  S.PSI', 'YOGYAKARTA', '1979-08-19', 1, 1, 0, 'RT 2/ RW1, Kelurahan GOWONGAN,JETIS Kota Yogyakarta, DIY', 'JETIS', 'GOWONGAN', '1', '2', '1', 1, NULL, '2022-04-11 21:33:33'),
('PkdD9B2V6lR8SvQUFzNOg5ZwYLAqho', '332560', 'NOORICHA EKA MAULIDAH SAB', 'BAJAR MASIN', '1984-12-20', 1, 0, 0, 'RT 8/ RW2, Kelurahan TAHUNAN,UMBULHARJO Kota Yogyakarta, DIY', 'UMBULHARJO', 'TAHUNAN', '2', '8', '5', 1, NULL, '2022-04-11 21:33:33'),
('PkQCawKH8qUBX23bcroIsNVElfLj6D', '55737', 'MUNIF ARIFIN', 'LAMONGAN', '1988-09-25', 1, 1, 0, 'RT 4/ RW1, Kelurahan GUNUNGKETUR,PAKUALAMAN Kota Yogyakarta, DIY', 'PAKUALAMAN', 'GUNUNGKETUR', '1', '4', '1', 1, NULL, '2022-04-11 21:33:33'),
('PlVvwKakdZpFyCMIRDuBbgSfUq2Yoe', '349742', 'INDITA DWI PUTRIANTI', 'YOGYAKARTA', '1984-12-28', 1, 0, 0, 'RT 10/ RW4, Kelurahan TEGALREJO,TEGALREJO Kota Yogyakarta, DIY', 'TEGALREJO', 'TEGALREJO', '4', '10', '7', 1, NULL, '2022-04-11 21:33:33'),
('pLYkxo6uHNrbZOyJBafw2VsKhqGD8i', '287608', 'ROBINGATUN', 'YOGYAKARTA', '1965-05-03', 1, 0, 0, 'RT 10/ RW4, Kelurahan BRONTOKUSUMAN,MERGANGSAN Kota Yogyakarta, DIY', 'MERGANGSAN', 'BRONTOKUSUMAN', '4', '10', '5', 1, NULL, '2022-04-11 21:33:33'),
('pUe63SJHdO71BksnDlGvZxzQTjbP20', '99662', 'MARISKA PRALINGGAR', 'YOGYAKARTA', '1983-07-14', 1, 0, 0, 'RT 1/ RW1, Kelurahan NGAMPILAN,NGAMPILAN Kota Yogyakarta, DIY', 'NGAMPILAN', 'NGAMPILAN', '1', '1', '1', 1, NULL, '2022-04-11 21:33:33'),
('PwYUVhFoBGvc8gKR7jpaCDiSIs2tHJ', '101872', 'TRI RAHAYU NURHAYATI', 'YOGYAKARTA', '1991-04-19', 1, 0, 0, 'RT 1/ RW1, Kelurahan PATANGPULUHAN,WIROBRAJAN Kota Yogyakarta, DIY', 'WIROBRAJAN', 'PATANGPULUHAN', '1', '1', '1', 1, NULL, '2022-04-11 21:33:33'),
('PWzALGQYSw1d2eoVc0OZxyv4g6TE9F', '99707', 'ALFARIZA NADYASTA M', 'YOGYAKARTA', '1998-12-05', 0, 1, 0, 'RT 10/ RW2, Kelurahan NGAMPILAN,NGAMPILAN Kota Yogyakarta, DIY', 'NGAMPILAN', 'NGAMPILAN', '2', '10', '5', 1, NULL, '2022-04-11 21:33:33'),
('q1GiUAElo30PTjNY2IXfQ9Cg8VRb6K', '376056', 'MARIO GYBRAEL RAWAR', 'YOGYAKARTA', '1997-04-19', 0, 1, 0, 'RT 9/ RW3, Kelurahan WIROGUNAN,MERGANGSAN Kota Yogyakarta, DIY', 'MERGANGSAN', 'WIROGUNAN', '3', '9', '5', 1, NULL, '2022-04-11 21:33:33'),
('q1pLDo70TR2alv9mZUzsH8de6jWxMK', '324286', 'MARIA ROSARIA MURYATI', 'YOGYAKARTA', '1951-07-03', 1, 0, 0, 'RT 3/ RW1, Kelurahan TAHUNAN,UMBULHARJO Kota Yogyakarta, DIY', 'UMBULHARJO', 'TAHUNAN', '1', '3', '3', 1, NULL, '2022-04-11 21:33:33'),
('q4cskxjNU5GLuBIflQo8R6HShXteJv', '293095', 'RENY WERDIASTUTI DRA', 'YOGYAKARTA', '1964-05-18', 1, 0, 0, 'RT 2/ RW1, Kelurahan TAHUNAN,UMBULHARJO Kota Yogyakarta, DIY', 'UMBULHARJO', 'TAHUNAN', '1', '2', '2', 1, NULL, '2022-04-11 21:33:33'),
('q4fcHJMYrQ0BTwobAOsn6aGLX9i5D1', '459044', 'SUPRIYANTIYO', 'BANTUL', '1971-01-13', 1, 1, 0, 'RT 6/ RW1, Kelurahan PRENGGAN,KOTAGEDE Kota Yogyakarta, DIY', 'KOTAGEDE', 'PRENGGAN', '1', '6', '6', 1, NULL, '2022-04-11 21:33:33'),
('qcB2ZM7iQb95pK1W8PtUavCnfGwsLo', '336616', 'BAGAS SATYA YUDHA AJI P', 'YOGYAKARTA', '1999-06-28', 0, 1, 0, 'RT 4/ RW1, Kelurahan GOWONGAN,JETIS Kota Yogyakarta, DIY', 'JETIS', 'GOWONGAN', '1', '4', '1', 1, NULL, '2022-04-11 21:33:33'),
('QghFcL8aBniIEtlMzYeSXx1s0Pb2uN', '124851', 'RIANTY INDAH LEANDAYANI PATTI P', 'JAKARTA', '1997-05-24', 0, 0, 0, 'RT 6/ RW2, Kelurahan MUJAMUJU,UMBULHARJO Kota Yogyakarta, DIY', 'UMBULHARJO', 'MUJAMUJU', '2', '6', '5', 1, NULL, '2022-04-11 21:33:33'),
('QgiwEMGeTRmY5NzKjs86U9AfqDc1at', '243722', 'JOWIEN TYAS NAGASWARI, ST', 'SAMARINDA', '1988-04-24', 1, 0, 0, 'RT 8/ RW3, Kelurahan BACIRO,GONDOKUSUMAN Kota Yogyakarta, DIY', 'GONDOKUSUMAN', 'BACIRO', '3', '8', '4', 1, NULL, '2022-04-11 21:33:33'),
('qgrzXy1u4s8plomdSFTPOYvUtQ2wIA', '102364', 'MUHAMMAD NURDIN SE', 'YOGYAKARTA', '1983-06-21', 1, 1, 0, 'RT 7/ RW2, Kelurahan PAKUNCEN,WIROBRAJAN Kota Yogyakarta, DIY', 'WIROBRAJAN', 'PAKUNCEN', '2', '7', '6', 1, NULL, '2022-04-11 21:33:33'),
('Qh05ianvp9SUVFOPNd4tbmDfyW61kR', '371337', 'ERWANTO  DRS', 'YOGYAKARTA', '1957-03-16', 1, 1, 0, 'RT 3/ RW1, Kelurahan WIROGUNAN,MERGANGSAN Kota Yogyakarta, DIY', 'MERGANGSAN', 'WIROGUNAN', '1', '3', '2', 1, NULL, '2022-04-11 21:33:33'),
('QltkaUyVNMJ0LOBYr6DIbxugTsziR9', '102340', 'ANDY WIBOWO', 'SLEMAN', '1987-08-08', 1, 1, 0, 'RT 3/ RW1, Kelurahan PAKUNCEN,WIROBRAJAN Kota Yogyakarta, DIY', 'WIROBRAJAN', 'PAKUNCEN', '1', '3', '2', 1, NULL, '2022-04-11 21:33:33'),
('Qpx6vKfA4OWRcP8Ub1GBZNYFLqXgmz', '285501', 'ADITYAS WIDAYANI DEWI', 'YOGYAKARTA', '1993-04-24', 0, 0, 0, 'RT 7/ RW3, Kelurahan BRONTOKUSUMAN,MERGANGSAN Kota Yogyakarta, DIY', 'MERGANGSAN', 'BRONTOKUSUMAN', '3', '7', '3', 1, NULL, '2022-04-11 21:33:33'),
('QrsuIKcLUaShnWMOeqoC49b5lv0XpR', '372494', 'PUTRI KUSUMA JENARI', 'YOGYAKARTA', '1993-05-28', 0, 0, 0, 'RT 4/ RW2, Kelurahan WIROGUNAN,MERGANGSAN Kota Yogyakarta, DIY', 'MERGANGSAN', 'WIROGUNAN', '2', '4', '3', 1, NULL, '2022-04-11 21:33:33'),
('qSNcatbnRpovfPksOd6V9Fel1Q5JYE', '180674', 'YUNIATI', 'YOGYAKARTA', '1979-06-14', 1, 0, 0, 'RT 6/ RW2, Kelurahan SURYODININGRATAN,MANTRIJERON Kota Yogyakarta, DIY', 'MANTRIJERON', 'SURYODININGRATAN', '2', '6', '3', 1, NULL, '2022-04-11 21:33:33'),
('QU8SwvaWAD1VrnjHlTb2iERK0XsJhO', '183122', 'BUDI TRI ATMAJA', 'YOGYAKARTA', '1995-07-26', 1, 1, 0, 'RT 9/ RW3, Kelurahan PATEHAN,KRATON Kota Yogyakarta, DIY', 'KRATON', 'PATEHAN', '3', '9', '5', 1, NULL, '2022-04-11 21:33:33'),
('R3mZFraypT0K7Dtvcis1MxbYeHk4Cu', '312347', 'EMI SENJAWATI', 'YOGYAKARTA', '1974-01-12', 1, 0, 0, 'RT 6/ RW1, Kelurahan PURWOKINANTI,PAKUALAMAN Kota Yogyakarta, DIY', 'PAKUALAMAN', 'PURWOKINANTI', '1', '6', '3', 1, NULL, '2022-04-11 21:33:33'),
('r68DY4aMy5kJgpbi1nPTWRw0lfQqGe', '154803', 'WAHYU UTOMO', 'CILACAP', '1973-11-16', 1, 1, 0, 'RT 5/ RW7, Kelurahan BUMIJO,JETIS Kota Yogyakarta, DIY', 'JETIS', 'BUMIJO', '7', '5', '18', 1, NULL, '2022-04-11 21:33:33'),
('r7oAwWxVL9busEf0D3vhFMqtm4RSp6', '60160', 'JEREMIA TAKARI', 'SULAWESI SELATAN', '1965-09-28', 1, 1, 0, 'RT 10/ RW2, Kelurahan PURWOKINANTI,PAKUALAMAN Kota Yogyakarta, DIY', 'PAKUALAMAN', 'PURWOKINANTI', '2', '10', '5', 1, NULL, '2022-04-11 21:33:33'),
('RcsqxGEa17IOynzH3ZK5fwY6pkBhj0', '182334', 'SUTEKAD RAHARDJO', 'YOGYAKARTA', '1962-03-23', 1, 1, 0, 'RT 4/ RW1, Kelurahan MANTRIJERON,MANTRIJERON Kota Yogyakarta, DIY', 'MANTRIJERON', 'MANTRIJERON', '1', '4', '1', 1, NULL, '2022-04-11 21:33:33'),
('RCuNUoQle3crgdSbfi4Dsq7L0PYtZO', '124626', 'SUGIYANTO', 'CILACAP', '1982-05-26', 1, 1, 0, 'RT 3/ RW2, Kelurahan MUJAMUJU,UMBULHARJO Kota Yogyakarta, DIY', 'UMBULHARJO', 'MUJAMUJU', '2', '3', '1', 1, NULL, '2022-04-11 21:33:33'),
('rDzBxwqF9NRyt1TPeWIfu2Z3UaGj68', '349730', 'DHITA ARITASARI', 'BANTUL', '1991-02-28', 1, 0, 0, 'RT 6/ RW2, Kelurahan TEGALREJO,TEGALREJO Kota Yogyakarta, DIY', 'TEGALREJO', 'TEGALREJO', '2', '6', '4', 1, NULL, '2022-04-11 21:33:33'),
('rG6WtSI2pd1izsxRf9uY8BwLOokK50', '100221', 'JHONSON', 'MEDAN', '1996-03-06', 0, 1, 0, 'RT 8/ RW2, Kelurahan NOTOPRAJAN,NGAMPILAN Kota Yogyakarta, DIY', 'NGAMPILAN', 'NOTOPRAJAN', '2', '8', '5', 1, NULL, '2022-04-11 21:33:33'),
('rHxe43JOKsaGvy8n9fE7cXwNDzQICM', '348070', 'MUHAMMAD RIZQI PRASETYO WIBOWO', 'YOGYAKARTA', '2001-09-09', 0, 1, 0, 'RT 1/ RW1, Kelurahan PANDEYAN,UMBULHARJO Kota Yogyakarta, DIY', 'UMBULHARJO', 'PANDEYAN', '1', '1', '1', 1, NULL, '2022-04-11 21:33:33'),
('ri0TNOdFx62AlcZQt9jBJ4VpPR51wu', '1673', 'MARTONO NUGROHO', 'KULONPROGO', '1978-03-24', 1, 1, 0, 'RT 7/ RW2, Kelurahan SOSROMENDURAN,GEDONGTENGEN Kota Yogyakarta, DIY', 'GEDONGTENGEN', 'SOSROMENDURAN', '2', '7', '4', 1, NULL, '2022-04-11 21:33:33'),
('RiIqSrmVuZ5nla0po9AzUv8DPNWfxL', '349725', 'RONY SULISTIAWAN', 'SLEMAN', '1982-06-14', 1, 1, 0, 'RT 5/ RW2, Kelurahan TEGALREJO,TEGALREJO Kota Yogyakarta, DIY', 'TEGALREJO', 'TEGALREJO', '2', '5', '4', 1, NULL, '2022-04-11 21:33:33'),
('RiNrt3gqLh0EOWlVzU1PZnbydJkowf', '102336', 'NUKE SARITA DAMAYANTI', 'MAGELANG', '1980-05-28', 1, 0, 0, 'RT 1/ RW1, Kelurahan PAKUNCEN,WIROBRAJAN Kota Yogyakarta, DIY', 'WIROBRAJAN', 'PAKUNCEN', '1', '1', '1', 1, NULL, '2022-04-11 21:33:33'),
('ROCUuJgESi8FpIX7dDYmGx5qH36yrL', '384821', 'PURWANTI KURNIASARI', 'YOGYAKARTA', '1987-10-12', 1, 0, 0, 'RT 7/ RW2, Kelurahan MANTRIJERON,MANTRIJERON Kota Yogyakarta, DIY', 'MANTRIJERON', 'MANTRIJERON', '2', '7', '3', 1, NULL, '2022-04-11 21:33:33'),
('ROhAtoJPpi4uKFZI0f65wvzedUm37Q', '255721', 'MASRUROH AINI', 'MAGELANG', '1986-06-06', 1, 0, 0, 'RT 5/ RW1, Kelurahan TEGALPANGGUNG,DANUREJAN Kota Yogyakarta, DIY', 'DANUREJAN', 'TEGALPANGGUNG', '1', '5', '3', 1, NULL, '2022-04-11 21:33:33'),
('rT4zMUQcXFlGHO7s91umJ3nKa2SEgh', '348080', 'SADDAM GUNTUR PRATAMA', 'YOGYAKARTA', '2002-04-06', 0, 1, 0, 'RT 2/ RW1, Kelurahan PANDEYAN,UMBULHARJO Kota Yogyakarta, DIY', 'UMBULHARJO', 'PANDEYAN', '1', '2', '1', 1, NULL, '2022-04-11 21:33:33'),
('RymGNDsZgIAxV4XKoYUdb89Mfnk3lQ', '374209', 'TUTUT SULISTYO PUTRI', 'SLEMAN', '1991-09-08', 1, 1, 0, 'RT 3/ RW1, Kelurahan KRICAK,TEGALREJO Kota Yogyakarta, DIY', 'TEGALREJO', 'KRICAK', '1', '3', '4', 1, NULL, '2022-04-11 21:33:33'),
('S4KBDjlX2wTIcLamP8NAFgbv6tkJ0d', '143488', 'NENENG SRI NENGSIH', 'MAJALENGKA', '1981-08-21', 1, 0, 0, 'RT 1/ RW1, Kelurahan GEDONGKIWO,MANTRIJERON Kota Yogyakarta, DIY', 'MANTRIJERON', 'GEDONGKIWO', '1', '1', '1', 1, NULL, '2022-04-11 21:33:33'),
('s6DuRcmQGiehkvJrCHSAbpBIj9l8KL', '231334', 'ANIS KUSJAYANTI', 'YOGYAKARTA', '1992-01-20', 1, 0, 0, 'RT 8/ RW3, Kelurahan PURBAYAN,KOTAGEDE Kota Yogyakarta, DIY', 'KOTAGEDE', 'PURBAYAN', '3', '8', '5', 1, NULL, '2022-04-11 21:33:33'),
('SaprZs5RhbiNzyxcnVEC4MYAdftg29', '339110', 'SULISTYOWATI', 'YOGYAKARTA', '1966-07-05', 1, 0, 0, 'RT 1/ RW1, Kelurahan KLITREN,GONDOKUSUMAN Kota Yogyakarta, DIY', 'GONDOKUSUMAN', 'KLITREN', '1', '1', '1', 1, NULL, '2022-04-11 21:33:33'),
('saRdUvV4109iewoxy3TLF5fEPA7Mtq', '18723', 'RIKA WIDYANINGRUM', 'YOGYAKARTA', '2001-11-27', 0, 0, 0, 'RT 3/ RW1, Kelurahan GIWANGAN,UMBULHARJO Kota Yogyakarta, DIY', 'UMBULHARJO', 'GIWANGAN', '1', '3', '3', 1, NULL, '2022-04-11 21:33:33'),
('SCnAhobPga1OkjRN7DuvdqQsLmYpfe', '393225', 'SALMA NUHA LATHIFAH', 'YOGYAKARTA', '1999-01-03', 0, 0, 0, 'RT 9/ RW2, Kelurahan KEPARAKAN,MERGANGSAN Kota Yogyakarta, DIY', 'MERGANGSAN', 'KEPARAKAN', '2', '9', '4', 1, NULL, '2022-04-11 21:33:33'),
('SdBDj7Yo3gskzbJMVxwcLKECan68Gt', '51626', 'IGNATIUS AGUS SURYONO  DRS. MM', 'YOGYAKARTA', '1964-03-23', 1, 1, 0, 'RT 10/ RW3, Kelurahan GUNUNGKETUR,PAKUALAMAN Kota Yogyakarta, DIY', 'PAKUALAMAN', 'GUNUNGKETUR', '3', '10', '4', 1, NULL, '2022-04-11 21:33:33'),
('SEUWhdosXu6c09KRQBGmTi2Nqrxv4P', '346958', 'PRISKA AGNARISTY', 'SURABAYA', '2001-08-10', 0, 0, 0, 'RT 7/ RW2, Kelurahan BUMIJO,JETIS Kota Yogyakarta, DIY', 'JETIS', 'BUMIJO', '2', '7', '4', 1, NULL, '2022-04-11 21:33:33'),
('sglzwu9jMFCKUxic2dL8Bv3Pmo6VDE', '384819', 'FRANZ', 'MANADO', '1962-09-08', 1, 1, 0, 'RT 5/ RW2, Kelurahan MANTRIJERON,MANTRIJERON Kota Yogyakarta, DIY', 'MANTRIJERON', 'MANTRIJERON', '2', '5', '2', 1, NULL, '2022-04-11 21:33:33'),
('SKLHmt8FlUYynziWb47fspdQvxoJkr', '1844', 'MALCHIZEDICK PHILLIPE HUBERT', 'YOGYAKARTA', '1993-07-30', 0, 1, 0, 'RT 7/ RW2, Kelurahan PRINGGOKUSUMAN,GEDONGTENGEN Kota Yogyakarta, DIY', 'GEDONGTENGEN', 'PRINGGOKUSUMAN', '2', '7', '5', 1, NULL, '2022-04-11 21:33:33'),
('slXRHVOeru3MiEdZzQqo6pCNxb5Fam', '368128', 'TRIA TITIANI CHASANAH  SE. M.SI', 'PEKALONGAN', '1986-02-20', 1, 0, 0, 'RT 2/ RW1, Kelurahan WIROGUNAN,MERGANGSAN Kota Yogyakarta, DIY', 'MERGANGSAN', 'WIROGUNAN', '1', '2', '1', 1, NULL, '2022-04-11 21:33:33'),
('smndupMtvSYQxhgZeylcRF15kCfbqI', '18735', 'ALEXANDER MAXCHAELEN   F.A.N.S', 'YOGYAKARTA', '2001-11-25', 0, 1, 0, 'RT 8/ RW3, Kelurahan GIWANGAN,UMBULHARJO Kota Yogyakarta, DIY', 'UMBULHARJO', 'GIWANGAN', '3', '8', '6', 1, NULL, '2022-04-11 21:33:33'),
('snKidEP3lByx2cj9TLu1AvRQopHJtZ', '172758', 'ADHY PRASETYA', 'YOGYAKARTA', '1985-06-04', 1, 1, 0, 'RT 4/ RW1, Kelurahan WIROBRAJAN,WIROBRAJAN Kota Yogyakarta, DIY', 'WIROBRAJAN', 'WIROBRAJAN', '1', '4', '3', 1, NULL, '2022-04-11 21:33:33'),
('srNjMTVZYkcIGXdlmFEu3H9Pp7JzLQ', '169128', 'FERI ADI KUNCORO PRIBADI  SE', 'YOGYAKARTA', '1977-02-21', 1, 1, 0, 'RT 6/ RW2, Kelurahan SEMAKI,UMBULHARJO Kota Yogyakarta, DIY', 'UMBULHARJO', 'SEMAKI', '2', '6', '4', 1, NULL, '2022-04-11 21:33:33'),
('STEQbedXcMs4HNz8CZliKfBAU6IF2o', '182879', 'DRS. KASIYANTO', 'YOGYAKARTA', '1959-03-05', 1, 1, 0, 'RT 4/ RW2, Kelurahan PATEHAN,KRATON Kota Yogyakarta, DIY', 'KRATON', 'PATEHAN', '2', '4', '3', 1, NULL, '2022-04-11 21:33:33'),
('sucFiAWHJTB38L7G5dj0Z6IEtKeSRN', '147761', 'ANDRI WIBOWO', 'YOGYAKARTA', '1991-06-13', 1, 1, 0, 'RT 9/ RW3, Kelurahan GEDONGKIWO,MANTRIJERON Kota Yogyakarta, DIY', 'MANTRIJERON', 'GEDONGKIWO', '3', '9', '7', 1, NULL, '2022-04-11 21:33:33'),
('SvMefz81bTOWBEVs6FhRaxCQno72Gi', '163524', 'SURANTI', 'YOGYAKARTA', '1978-12-21', 1, 0, 0, 'RT 10/ RW3, Kelurahan BENER,TEGALREJO Kota Yogyakarta, DIY', 'TEGALREJO', 'BENER', '3', '10', '7', 1, NULL, '2022-04-11 21:33:33'),
('sWu8DnNg3OajC7eJ65ZtEGLzq0c2pi', '292673', 'VALERIANUS SAMBA SEPTYADI', 'YOGYAKARTA', '2001-09-01', 0, 1, 0, 'RT 6/ RW1, Kelurahan TAHUNAN,UMBULHARJO Kota Yogyakarta, DIY', 'UMBULHARJO', 'TAHUNAN', '1', '6', '1', 1, NULL, '2022-04-11 21:33:33'),
('sX1Wxwzh6PfmBtVFklqYHUoNjy5a92', '102392', 'IQBAL', 'JAKARTA', '1977-05-25', 1, 1, 0, 'RT 10/ RW2, Kelurahan PAKUNCEN,WIROBRAJAN Kota Yogyakarta, DIY', 'WIROBRAJAN', 'PAKUNCEN', '2', '10', '8', 1, NULL, '2022-04-11 21:33:33'),
('sxckn9qSgCDoM0dXHL8AiWth7b2wY3', '336682', 'ENI SUSIATI', 'GUNUNG KIDUL', '1988-07-21', 1, 0, 0, 'RT 8/ RW2, Kelurahan GOWONGAN,JETIS Kota Yogyakarta, DIY', 'JETIS', 'GOWONGAN', '2', '8', '4', 1, NULL, '2022-04-11 21:33:33'),
('sxIwvE4VMgNKSZLiDBn3JGzmeWu68Q', '18722', 'REZA SURYA', 'YOGYAKARTA', '2001-05-29', 0, 1, 0, 'RT 1/ RW1, Kelurahan GIWANGAN,UMBULHARJO Kota Yogyakarta, DIY', 'UMBULHARJO', 'GIWANGAN', '1', '1', '3', 1, NULL, '2022-04-11 21:33:33'),
('T185aC3PsqfiHb2DMrXxSEkZv4ldLN', '138459', 'BAMBANG NURPRASETYADI', 'YOGYAKARTA', '1962-10-27', 1, 1, 0, 'RT 1/ RW1, Kelurahan PANEMBAHAN,KRATON Kota Yogyakarta, DIY', 'KRATON', 'PANEMBAHAN', '1', '1', '1', 1, NULL, '2022-04-11 21:33:33'),
('T2W5UsJSMA1oXjyi03hpquKZH9mgwr', '243169', 'J. LINGGA LASARDA PRAHIMAS', 'YOGYAKARTA', '1993-12-21', 0, 1, 0, 'RT 8/ RW3, Kelurahan PRAWIRODIRJAN,GONDOMANAN Kota Yogyakarta, DIY', 'GONDOMANAN', 'PRAWIRODIRJAN', '3', '8', '2', 1, NULL, '2022-04-11 21:33:33'),
('teoaqkfFsG5m1JKNUi6Xrj8SBY3Hgd', '301880', 'HANIFA RAHMA HIDA FI SABILLA', 'YOGYAKARTA', '2000-04-15', 0, 0, 0, 'RT 2/ RW1, Kelurahan PURWOKINANTI,PAKUALAMAN Kota Yogyakarta, DIY', 'PAKUALAMAN', 'PURWOKINANTI', '1', '2', '1', 1, NULL, '2022-04-11 21:33:33'),
('th3BUYEuTrM6bSpekxXCD4GlzNvjwR', '1839', 'TRI HARI NURCAHYAWATI', 'YOGYAKARTA', '1981-11-18', 1, 0, 0, 'RT 9/ RW2, Kelurahan PRINGGOKUSUMAN,GEDONGTENGEN Kota Yogyakarta, DIY', 'GEDONGTENGEN', 'PRINGGOKUSUMAN', '2', '9', '5', 1, NULL, '2022-04-11 21:33:33'),
('thdyikA4DJpaTFm7j35zNu2gMOLSRH', '145071', 'MURNI SETYAWAN', 'GUNUNGKIDUL', '1991-12-18', 1, 1, 0, 'RT 3/ RW1, Kelurahan GEDONGKIWO,MANTRIJERON Kota Yogyakarta, DIY', 'MANTRIJERON', 'GEDONGKIWO', '1', '3', '2', 1, NULL, '2022-04-11 21:33:33'),
('tHvTMIdq4BKQlsx3bzU5kLgJCREX69', '282644', 'NOVI IRAWAN', 'PURWOREJO', '1988-09-11', 1, 1, 0, 'RT 2/ RW1, Kelurahan KARANGWARU,TEGALREJO Kota Yogyakarta, DIY', 'TEGALREJO', 'KARANGWARU', '1', '2', '2', 1, NULL, '2022-04-11 21:33:33'),
('TIp0VYNLifHw29ABPnOuZd8oMky5qE', '170600', 'HENGKI RANGGA JAYA', 'YOGYAKARTA', '1986-02-16', 0, 1, 0, 'RT 3/ RW1, Kelurahan WIROBRAJAN,WIROBRAJAN Kota Yogyakarta, DIY', 'WIROBRAJAN', 'WIROBRAJAN', '1', '3', '2', 1, NULL, '2022-04-11 21:33:33'),
('tJsDrwScAofdFpkaM2HvzVXxgE90h6', '59773', 'MUHAMMAD YOSOP', 'MARTAPURA', '1980-01-01', 1, 1, 0, 'RT 8/ RW2, Kelurahan PURWOKINANTI,PAKUALAMAN Kota Yogyakarta, DIY', 'PAKUALAMAN', 'PURWOKINANTI', '2', '8', '4', 1, NULL, '2022-04-11 21:33:33'),
('TjwaQOIdJUuzRB2HY8q3NLrc5e9ZFp', '102356', 'SURIP SUTIYAH', 'YOGYAKARTA', '1951-10-23', 1, 0, 0, 'RT 5/ RW1, Kelurahan PAKUNCEN,WIROBRAJAN Kota Yogyakarta, DIY', 'WIROBRAJAN', 'PAKUNCEN', '1', '5', '4', 1, NULL, '2022-04-11 21:33:33'),
('TKd62hXuzGImeHqwLMgt4BfS1lPJaC', '291523', 'NURGIYANTO', 'YOGYAKARTA', '1975-08-05', 1, 1, 0, 'RT 2/ RW1, Kelurahan REJOWINANGUN,KOTAGEDE Kota Yogyakarta, DIY', 'KOTAGEDE', 'REJOWINANGUN', '1', '2', '1', 1, NULL, '2022-04-11 21:33:33'),
('tLpJnW4GlmuqQyIF1gDf9ESNvKjoTC', '348330', 'SHINTA ARWIYANIS', 'YOGYAKARTA', '1968-07-02', 0, 0, 0, 'RT 9/ RW2, Kelurahan PANDEYAN,UMBULHARJO Kota Yogyakarta, DIY', 'UMBULHARJO', 'PANDEYAN', '2', '9', '6', 1, NULL, '2022-04-11 21:33:33'),
('TlsNfO6Fz05eBCUp8wI9EGZrMKJ2QX', '182869', 'MAULA LESTARI H', 'YOGYAKARTA', '1984-12-04', 1, 0, 0, 'RT 3/ RW1, Kelurahan PATEHAN,KRATON Kota Yogyakarta, DIY', 'KRATON', 'PATEHAN', '1', '3', '2', 1, NULL, '2022-04-11 21:33:33'),
('ToaFjzbxO30IrNmBDLWMfPR6veQyUd', '331962', 'AJI GINANJAR LESTARIONO', 'YOGYAKARTA', '1970-06-25', 0, 1, 0, 'RT 9/ RW2, Kelurahan TAHUNAN,UMBULHARJO Kota Yogyakarta, DIY', 'UMBULHARJO', 'TAHUNAN', '2', '9', '4', 1, NULL, '2022-04-11 21:33:33'),
('toaqCNO3VhpzYrmyQ9wAUWbgsLF6Df', '158142', 'ERMAYAWATI', 'GUNUNG KIDUL', '1987-08-18', 1, 0, 0, 'RT 5/ RW2, Kelurahan DEMANGAN,GONDOKUSUMAN Kota Yogyakarta, DIY', 'GONDOKUSUMAN', 'DEMANGAN', '2', '5', '3', 1, NULL, '2022-04-11 21:33:33'),
('TpIQwX9knYKA5mGdZJfFos4y6zSal2', '466926', 'RINTO HERMAWAN', 'YOGYAKARTA', '1975-09-17', 1, 1, 0, 'RT 6/ RW2, Kelurahan MANTRIJERON,MANTRIJERON Kota Yogyakarta, DIY', 'MANTRIJERON', 'MANTRIJERON', '2', '6', '2', 1, NULL, '2022-04-11 21:33:33'),
('TRrlE9ygPLXnif4UO2bwe1smtJpACS', '168194', 'Drs. SUMARWOSO ROOSWIDARYANTO', 'YOGYAKARTA', '1953-09-23', 1, 1, 0, 'RT 4/ RW2, Kelurahan SEMAKI,UMBULHARJO Kota Yogyakarta, DIY', 'UMBULHARJO', 'SEMAKI', '2', '4', '3', 1, NULL, '2022-04-11 21:33:33'),
('tvnZqflERgWhNpDkx3bs1UXOuFw2TK', '374228', 'DEWI C PURNAMAWATI', 'KEBUMEN', '1987-05-25', 1, 0, 0, 'RT 6/ RW2, Kelurahan KRICAK,TEGALREJO Kota Yogyakarta, DIY', 'TEGALREJO', 'KRICAK', '2', '6', '7', 1, NULL, '2022-04-11 21:33:33'),
('ty0sXPkWJxMn7238DzYuHCVLRNdIEG', '377502', 'SUGIHARTI ASTRININGSIH', 'KLATEN', '1956-05-20', 1, 0, 0, 'RT 8/ RW2, Kelurahan KOTABARU,GONDOKUSUMAN Kota Yogyakarta, DIY', 'GONDOKUSUMAN', 'KOTABARU', '2', '8', '3', 1, NULL, '2022-04-11 21:33:33'),
('tyBnGUjT1Id6QHXmV7pLAoS5WlMxgJ', '212563', 'SATRIA FATKHURAHMAN', 'YOGYAKARTA', '2002-02-26', 0, 1, 0, 'RT 4/ RW1, Kelurahan BENER,TEGALREJO Kota Yogyakarta, DIY', 'TEGALREJO', 'BENER', '1', '4', '3', 1, NULL, '2022-04-11 21:33:33'),
('U3nNtdaLXKOSQrETY1Fu6xGvHWMwzc', '455576', 'VEBRITA CAESARIA ARRIYANTI', 'CILACAP', '1992-02-15', 1, 0, 0, 'RT 4/ RW1, Kelurahan PRENGGAN,KOTAGEDE Kota Yogyakarta, DIY', 'KOTAGEDE', 'PRENGGAN', '1', '4', '3', 1, NULL, '2022-04-11 21:33:33'),
('u53k0MlayX74WqcPb6AJFZxhvI9Vsn', '59680', 'BENYAMIN SETIAWAN SIEK', 'YOGYAKARTA', '1963-01-02', 1, 1, 0, 'RT 7/ RW2, Kelurahan PURWOKINANTI,PAKUALAMAN Kota Yogyakarta, DIY', 'PAKUALAMAN', 'PURWOKINANTI', '2', '7', '4', 1, NULL, '2022-04-11 21:33:33'),
('u5vQHFaei1xM7Xqn80CGKko6cBN4It', '372595', 'EDI SUWARNO', 'YOGYAKARTA', '1964-10-28', 0, 1, 0, 'RT 5/ RW2, Kelurahan WIROGUNAN,MERGANGSAN Kota Yogyakarta, DIY', 'MERGANGSAN', 'WIROGUNAN', '2', '5', '3', 1, NULL, '2022-04-11 21:33:33'),
('UApx6hj8v0IV3MaeiWDZSBCJmLok1d', '293910', 'TRI MURDIATIN', 'YOGYAKARTA', '1989-03-16', 1, 0, 0, 'RT 1/ RW1, Kelurahan BAUSASRAN,DANUREJAN Kota Yogyakarta, DIY', 'DANUREJAN', 'BAUSASRAN', '1', '1', '1', 1, NULL, '2022-04-11 21:33:33'),
('UatvKVg0dMG4xm1Ebh6eXuq5IfCj9N', '241708', 'SITI RONDIYAH', 'DEMAK', '1960-02-18', 1, 0, 0, 'RT 2/ RW1, Kelurahan PRAWIRODIRJAN,GONDOMANAN Kota Yogyakarta, DIY', 'GONDOMANAN', 'PRAWIRODIRJAN', '1', '2', '1', 1, NULL, '2022-04-11 21:33:33'),
('uckHBwTNo2UKvmS6dQ8ODgpjRnbzhx', '347417', 'LIM IN NIO', 'KLATEN', '1951-12-10', 1, 0, 0, 'RT 7/ RW2, Kelurahan TERBAN,GONDOKUSUMAN Kota Yogyakarta, DIY', 'GONDOKUSUMAN', 'TERBAN', '2', '7', '4', 1, NULL, '2022-04-11 21:33:33'),
('uechLVvxHOaIJkDgloPKCE5X61sqGZ', '250482', 'KUSTARINAH', 'YOGYAKARTA', '1960-10-23', 1, 0, 0, 'RT 1/ RW1, Kelurahan TEGALPANGGUNG,DANUREJAN Kota Yogyakarta, DIY', 'DANUREJAN', 'TEGALPANGGUNG', '1', '1', '1', 1, NULL, '2022-04-11 21:33:33'),
('UgXy0kNmRWulPS43GEJwOYfaDcnhKo', '279306', 'Erna Ratnaningsih', 'Banyumas', '1995-09-20', 1, 0, 0, 'RT 3/ RW1, Kelurahan KADIPATEN,KRATON Kota Yogyakarta, DIY', 'KRATON', 'KADIPATEN', '1', '3', '1', 1, NULL, '2022-04-11 21:33:33'),
('uHcaA6XDGYkVvJCT8Qgb1m2IUrxSdh', '283050', 'RUBIYAH', 'YOGYAKARTA', '1943-04-15', 1, 0, 0, 'RT 4/ RW2, Kelurahan KARANGWARU,TEGALREJO Kota Yogyakarta, DIY', 'TEGALREJO', 'KARANGWARU', '2', '4', '4', 1, NULL, '2022-04-11 21:33:33'),
('uhU71mbPlH5St8MAVczBJo9YeNknWj', '472119', 'CHRISTIAN RATNAWATI', 'YOGYAKARTA', '1972-04-16', 1, 0, 0, 'RT 2/ RW1, Kelurahan SOROSUTAN,UMBULHARJO Kota Yogyakarta, DIY', 'UMBULHARJO', 'SOROSUTAN', '1', '2', '3', 1, NULL, '2022-04-11 21:33:33'),
('UIJYnr3Qj7qbBAmyv9pXCPxHKdsZo0', '353053', 'DITA ANTARI SETYANINGSIH', 'YOGYAKARTA', '2001-06-04', 0, 0, 0, 'RT 6/ RW2, Kelurahan TERBAN,GONDOKUSUMAN Kota Yogyakarta, DIY', 'GONDOKUSUMAN', 'TERBAN', '2', '6', '4', 1, NULL, '2022-04-11 21:33:33'),
('uj6O2noPl15wGgkxTz8pbcMLYS3fBK', '130491', 'WAHYU WIDI DINIHARI S.TP', 'YOGYAKARTA', '1972-02-25', 1, 1, 0, 'RT 10/ RW2, Kelurahan SOSROMENDURAN,GEDONGTENGEN Kota Yogyakarta, DIY', 'GEDONGTENGEN', 'SOSROMENDURAN', '2', '10', '5', 1, NULL, '2022-04-11 21:33:33'),
('ulayo7DP4YqhbM0dk5I2Tj6exrvLQW', '158152', 'MARTINI', 'YOGYAKARTA', '1971-12-27', 1, 0, 0, 'RT 6/ RW2, Kelurahan DEMANGAN,GONDOKUSUMAN Kota Yogyakarta, DIY', 'GONDOKUSUMAN', 'DEMANGAN', '2', '6', '4', 1, NULL, '2022-04-11 21:33:33'),
('ULZMXKSawfq2lY4CG0Rne7OuIV3tNx', '344548', 'MARJANTO', 'KLATEN', '1975-03-27', 1, 1, 0, 'RT 3/ RW1, Kelurahan BUMIJO,JETIS Kota Yogyakarta, DIY', 'JETIS', 'BUMIJO', '1', '3', '1', 1, NULL, '2022-04-11 21:33:33'),
('UM2N4yVomQjZg8wcEIBDOf6We1lYqC', '100195', 'JULEHA SADIYAH', 'INDRAMAYU', '1975-04-04', 1, 0, 0, 'RT 3/ RW1, Kelurahan NOTOPRAJAN,NGAMPILAN Kota Yogyakarta, DIY', 'NGAMPILAN', 'NOTOPRAJAN', '1', '3', '2', 1, NULL, '2022-04-11 21:33:33'),
('uRAaQ45r6JM8wWzB7YsScegIHbnv1o', '368720', 'DIMAS WIHARDYANTO', 'JAKARTA', '1982-06-27', 1, 1, 0, 'RT 6/ RW2, Kelurahan KOTABARU,GONDOKUSUMAN Kota Yogyakarta, DIY', 'GONDOKUSUMAN', 'KOTABARU', '2', '6', '2', 1, NULL, '2022-04-11 21:33:33'),
('urcNFXAivQx73LSo9z4YO0slf8JId1', '1674', 'HARJITO, SH', 'YOGYAKARTA', '1970-10-07', 1, 1, 0, 'RT 6/ RW2, Kelurahan SOSROMENDURAN,GEDONGTENGEN Kota Yogyakarta, DIY', 'GEDONGTENGEN', 'SOSROMENDURAN', '2', '6', '4', 1, NULL, '2022-04-11 21:33:33'),
('USNRsdVwvXthrebEIg8PfoC2xWLOFz', '301767', 'M.FRANSISCA ENDANG IRIANI  Y', 'YOGYAKARTA', '1958-07-12', 1, 0, 0, 'RT 1/ RW1, Kelurahan PURWOKINANTI,PAKUALAMAN Kota Yogyakarta, DIY', 'PAKUALAMAN', 'PURWOKINANTI', '1', '1', '1', 1, NULL, '2022-04-11 21:33:33'),
('uvDpPKJzf5ZQlEmgrMReABqab3iShH', '286178', 'ATTRIKA WINDARESTI CAHYANI', 'MALANG', '1991-05-19', 0, 0, 0, 'RT 8/ RW3, Kelurahan BRONTOKUSUMAN,MERGANGSAN Kota Yogyakarta, DIY', 'MERGANGSAN', 'BRONTOKUSUMAN', '3', '8', '4', 1, NULL, '2022-04-11 21:33:33'),
('uZRLWV1UzDfGA3JtPoO4l6rbQakpv9', '127567', 'UGIEK HERMANTO', 'JAKARTA', '1976-04-21', 1, 1, 0, 'RT 4/ RW1, Kelurahan WARUNGBOTO,UMBULHARJO Kota Yogyakarta, DIY', 'UMBULHARJO', 'WARUNGBOTO', '1', '4', '2', 1, NULL, '2022-04-11 21:33:33'),
('v3GM25AoOmVugJDy4YjNTkPnECIfe9', '349701', 'FAUZIA RAHMA AMALIA', 'YOGYAKARTA', '2001-05-13', 0, 0, 0, 'RT 2/ RW1, Kelurahan TEGALREJO,TEGALREJO Kota Yogyakarta, DIY', 'TEGALREJO', 'TEGALREJO', '1', '2', '1', 1, NULL, '2022-04-11 21:33:33'),
('v3SzDfLVNI6rHx8sK9EBdkuqotaw1G', '129472', 'YULI TRI GUNTORO', 'YOGYAKARTA', '1965-07-15', 1, 1, 0, 'RT 2/ RW1, Kelurahan SOSROMENDURAN,GEDONGTENGEN Kota Yogyakarta, DIY', 'GEDONGTENGEN', 'SOSROMENDURAN', '1', '2', '2', 1, NULL, '2022-04-11 21:33:33'),
('VbojAIs64qH7hZcxvKMEdFiwGeUr5W', '285466', 'ANHARUDDIN TRIHARTANTO', 'SLEMAN', '1983-06-02', 1, 1, 0, 'RT 9/ RW3, Kelurahan KARANGWARU,TEGALREJO Kota Yogyakarta, DIY', 'TEGALREJO', 'KARANGWARU', '3', '9', '9', 1, NULL, '2022-04-11 21:33:33'),
('Vc5gRxovA6UhN37uyMLYtPpeHzfJWO', '58813', 'FIDELIS ALDO PRATAMA PUTRA', 'YOGYAKARTA', '2000-04-20', 0, 1, 0, 'RT 4/ RW1, Kelurahan PURWOKINANTI,PAKUALAMAN Kota Yogyakarta, DIY', 'PAKUALAMAN', 'PURWOKINANTI', '1', '4', '2', 1, NULL, '2022-04-11 21:33:33'),
('VcPHDyBUT8SbKEtl26uJqXiIR7xQoA', '241702', 'HARGO SANTOSO. CP', 'SLEMAN', '1967-03-08', 1, 1, 0, 'RT 4/ RW2, Kelurahan PRAWIRODIRJAN,GONDOMANAN Kota Yogyakarta, DIY', 'GONDOMANAN', 'PRAWIRODIRJAN', '2', '4', '1', 1, NULL, '2022-04-11 21:33:33'),
('vHVjBo09kZgyzSF5xuOYedrWM1lhp2', '127583', 'OK. FREDY JARWANTO', 'MAGELANG', '1978-01-01', 1, 1, 0, 'RT 10/ RW2, Kelurahan WARUNGBOTO,UMBULHARJO Kota Yogyakarta, DIY', 'UMBULHARJO', 'WARUNGBOTO', '2', '10', '8', 1, NULL, '2022-04-11 21:33:34'),
('VJCqX5puUxMnz19YmhFcoDkGK0IBgH', '1663', 'HARJONO', 'YOGYAKARTA', '1964-01-26', 1, 1, 0, 'RT 4/ RW1, Kelurahan SOSROMENDURAN,GEDONGTENGEN Kota Yogyakarta, DIY', 'GEDONGTENGEN', 'SOSROMENDURAN', '1', '4', '3', 1, NULL, '2022-04-11 21:33:33'),
('VlJxdTph7iyF2AB53o8kjzLaGIYtON', '182333', 'WIWIK RETNANINGSIH', 'KLATEN', '1973-12-09', 1, 0, 0, 'RT 3/ RW1, Kelurahan MANTRIJERON,MANTRIJERON Kota Yogyakarta, DIY', 'MANTRIJERON', 'MANTRIJERON', '1', '3', '1', 1, NULL, '2022-04-11 21:33:33'),
('vLPySKiCqIYxf1dnQTXpmJ73eWRBal', '145079', 'DADANG PUTRANTO', 'YOGYAKARTA', '1977-01-28', 0, 1, 0, 'RT 6/ RW3, Kelurahan GEDONGKIWO,MANTRIJERON Kota Yogyakarta, DIY', 'MANTRIJERON', 'GEDONGKIWO', '3', '6', '3', 1, NULL, '2022-04-11 21:33:33'),
('VPjZDfwm60rpO25T1HQb4kuWgi7BxR', '210118', 'LISAN SUBAGIO', 'MALANG', '1979-03-22', 1, 0, 0, 'RT 9/ RW3, Kelurahan NGUPASAN,GONDOMANAN Kota Yogyakarta, DIY', 'GONDOMANAN', 'NGUPASAN', '3', '9', '4', 1, NULL, '2022-04-11 21:33:33'),
('VquY4GBDhdpSMJbWEKtwP7IQU8v1XZ', '331789', 'LUCIA ARWITA ROOSARI SS', 'YOGYAKARTA', '1972-04-27', 1, 0, 0, 'RT 7/ RW2, Kelurahan TAHUNAN,UMBULHARJO Kota Yogyakarta, DIY', 'UMBULHARJO', 'TAHUNAN', '2', '7', '4', 1, NULL, '2022-04-11 21:33:33'),
('VxBwEurzlYUk0DnHytmqoaLAO5F4JG', '349731', 'KUSTINA', 'JEPARA', '1975-01-10', 1, 0, 0, 'RT 7/ RW3, Kelurahan TEGALREJO,TEGALREJO Kota Yogyakarta, DIY', 'TEGALREJO', 'TEGALREJO', '3', '7', '5', 1, NULL, '2022-04-11 21:33:33'),
('VzM1Tc0uaENwkgSlUsQFXCx8YI9bq4', '124849', 'AITA LISTA MARDIYANA', 'DENPASAR', '1989-05-03', 1, 0, 0, 'RT 5/ RW2, Kelurahan MUJAMUJU,UMBULHARJO Kota Yogyakarta, DIY', 'UMBULHARJO', 'MUJAMUJU', '2', '5', '5', 1, NULL, '2022-04-11 21:33:33'),
('VZxCd7A3D5ypXsmogM1n0lzkU4P8fT', '347399', 'SATRIYA UMBU GUNTUR A.', 'NGAWI', '1997-09-26', 0, 1, 0, 'RT 3/ RW1, Kelurahan TERBAN,GONDOKUSUMAN Kota Yogyakarta, DIY', 'GONDOKUSUMAN', 'TERBAN', '1', '3', '3', 1, NULL, '2022-04-11 21:33:33'),
('W1tdKAa2k9FZl0zbpcOu6oy8GSHfDV', '293853', 'S. CHARISSA  AYUNINGTYAS', 'YOGYAKARTA', '1997-12-07', 0, 0, 0, 'RT 6/ RW2, Kelurahan REJOWINANGUN,KOTAGEDE Kota Yogyakarta, DIY', 'KOTAGEDE', 'REJOWINANGUN', '2', '6', '3', 1, NULL, '2022-04-11 21:33:33'),
('w4tY5bKSjlBLcAoUQngOh2m390ysMC', '32134', 'AAN GIRI SAPUTRA', 'GRESIK', '2001-12-09', 0, 1, 0, 'RT 2/ RW1, Kelurahan DEMANGAN,GONDOKUSUMAN Kota Yogyakarta, DIY', 'GONDOKUSUMAN', 'DEMANGAN', '1', '2', '2', 1, NULL, '2022-04-11 21:33:33'),
('w8sUOX0VET6JrfeI9QqKhnbBvWa4HY', '219983', 'ENDANG NGESTI REZEKI', 'YOGYAKARTA', '1964-04-30', 1, 0, 0, 'RT 9/ RW2, Kelurahan COKRODININGRATAN,JETIS Kota Yogyakarta, DIY', 'JETIS', 'COKRODININGRATAN', '2', '9', '5', 1, NULL, '2022-04-11 21:33:33'),
('WaIxPUKOrine1FvTsYCZhJEMAV08g5', '145070', 'DESI RASNAWATI', 'YOGYAKARTA', '1992-12-28', 1, 0, 0, 'RT 4/ RW1, Kelurahan GEDONGKIWO,MANTRIJERON Kota Yogyakarta, DIY', 'MANTRIJERON', 'GEDONGKIWO', '1', '4', '2', 1, NULL, '2022-04-11 21:33:33'),
('WCNRHsfEzIMAdaBXZrw6jtl12q5LY8', '133062', 'FITRINISA AMANINA', 'YOGYAKARTA', '2000-01-11', 0, 0, 0, 'RT 8/ RW2, Kelurahan SOROSUTAN,UMBULHARJO Kota Yogyakarta, DIY', 'UMBULHARJO', 'SOROSUTAN', '2', '8', '7', 1, NULL, '2022-04-11 21:33:33'),
('WIli9Xds1mShgx4yNtpw0CjVkc3Yaz', '124623', 'RAJ. YISSA ARUMI S', 'YOGYAKARTA', '1979-10-24', 1, 0, 0, 'RT 2/ RW1, Kelurahan MUJAMUJU,UMBULHARJO Kota Yogyakarta, DIY', 'UMBULHARJO', 'MUJAMUJU', '1', '2', '1', 1, NULL, '2022-04-11 21:33:33'),
('WJHELwVvboacgpR20fhFTBPKx3yS8u', '339165', 'ATOK SUDARYANTO', 'BANTUL', '1982-07-28', 1, 1, 0, 'RT 9/ RW3, Kelurahan KLITREN,GONDOKUSUMAN Kota Yogyakarta, DIY', 'GONDOKUSUMAN', 'KLITREN', '3', '9', '7', 1, NULL, '2022-04-11 21:33:33'),
('WmEDhY12TVxPwp37yNJiev58G6aLfI', '55735', 'JUDY PRAKTYAKSO', 'YOGYAKARTA', '1967-01-02', 1, 1, 0, 'RT 1/ RW1, Kelurahan GUNUNGKETUR,PAKUALAMAN Kota Yogyakarta, DIY', 'PAKUALAMAN', 'GUNUNGKETUR', '1', '1', '1', 1, NULL, '2022-04-11 21:33:33'),
('WngYjrGhHVLDiZzyu0cwoPtONsX7qf', '1836', 'ABDUL SHOMAD', 'DEMAK', '1987-03-02', 0, 1, 0, 'RT 6/ RW2, Kelurahan PRINGGOKUSUMAN,GEDONGTENGEN Kota Yogyakarta, DIY', 'GEDONGTENGEN', 'PRINGGOKUSUMAN', '2', '6', '4', 1, NULL, '2022-04-11 21:33:33'),
('WotVa7fTUwKAnOXsFBx9IrLpq0NPSk', '180312', 'AUSATH ASFIANTO  Drs.', 'YOGYAKARTA', '1967-12-07', 1, 1, 0, 'RT 9/ RW2, Kelurahan WIROBRAJAN,WIROBRAJAN Kota Yogyakarta, DIY', 'WIROBRAJAN', 'WIROBRAJAN', '2', '9', '5', 1, NULL, '2022-04-11 21:33:33'),
('wOZExHmt3Aog1iWGbDnVLs598jYNdR', '243704', 'ERVA ARIYANTO', 'MAGELANG', '1988-05-13', 1, 1, 0, 'RT 10/ RW4, Kelurahan BACIRO,GONDOKUSUMAN Kota Yogyakarta, DIY', 'GONDOKUSUMAN', 'BACIRO', '4', '10', '6', 1, NULL, '2022-04-11 21:33:33'),
('WTzMXxUpK2i6f0hB8mnSPRENl4JuvH', '238261', 'KARYANI', 'YOGYAKARTA', '1977-04-21', 1, 0, 0, 'RT 10/ RW4, Kelurahan PURBAYAN,KOTAGEDE Kota Yogyakarta, DIY', 'KOTAGEDE', 'PURBAYAN', '4', '10', '7', 1, NULL, '2022-04-11 21:33:33'),
('wxG3RUcnZ79yqJpTEPQBYbeDul8rFX', '124624', 'CAVALERA BADA A', 'YOGYAKARTA', '2002-01-24', 0, 1, 0, 'RT 1/ RW1, Kelurahan MUJAMUJU,UMBULHARJO Kota Yogyakarta, DIY', 'UMBULHARJO', 'MUJAMUJU', '1', '1', '1', 1, NULL, '2022-04-11 21:33:33'),
('wXlPBhDKeYGskZQ56mc01x9bUIaoRj', '218969', 'JOHANNA ZANETA', 'SLEMAN', '1999-03-05', 0, 0, 0, 'RT 8/ RW2, Kelurahan COKRODININGRATAN,JETIS Kota Yogyakarta, DIY', 'JETIS', 'COKRODININGRATAN', '2', '8', '4', 1, NULL, '2022-04-11 21:33:33'),
('X0yGmouUgAEOe27TBRziW5Vw6JPMtb', '1828', 'ZAINAL ARIFIN', 'JAKARTA', '1992-08-08', 1, 1, 0, 'RT 5/ RW1, Kelurahan PRINGGOKUSUMAN,GEDONGTENGEN Kota Yogyakarta, DIY', 'GEDONGTENGEN', 'PRINGGOKUSUMAN', '1', '5', '3', 1, NULL, '2022-04-11 21:33:33');
INSERT INTO `tbl_pemilih` (`id_pemilih`, `nik_pemilih`, `nama_pemilih`, `lahir_pemilih`, `tgl_lahir_pemilih`, `perkawinan_pemilih`, `gender_pemilih`, `difable_pemilih`, `alamat_pemilih`, `kecamatan_pemilih`, `kelurahan_pemilih`, `rw_pemilih`, `rt_pemilih`, `id_tps`, `domisili_pemilih`, `id_user`, `created_pemilih`) VALUES
('XcfPGVhruDI9gpm0Co1YeNy2aMqQjF', '218369', 'RENITA LISNASARI', 'YOGYAKARTA', '1994-02-07', 0, 0, 0, 'RT 4/ RW1, Kelurahan COKRODININGRATAN,JETIS Kota Yogyakarta, DIY', 'JETIS', 'COKRODININGRATAN', '1', '4', '2', 1, NULL, '2022-04-11 21:33:33'),
('XguaYMBpqLOm9yF14N5oh0nTi2jAHP', '1845', 'MOCHAMAD NOOR ARTHA NB', 'YOGYAKARTA', '1989-11-12', 1, 1, 0, 'RT 10/ RW2, Kelurahan PRINGGOKUSUMAN,GEDONGTENGEN Kota Yogyakarta, DIY', 'GEDONGTENGEN', 'PRINGGOKUSUMAN', '2', '10', '6', 1, NULL, '2022-04-11 21:33:33'),
('xH82neYIjA06dLPl37R4zpvhW1uUya', '210119', 'MUHAMMAD HELMI FAZZA', 'YOGYAKARTA', '1992-11-21', 1, 1, 0, 'RT 10/ RW3, Kelurahan NGUPASAN,GONDOMANAN Kota Yogyakarta, DIY', 'GONDOMANAN', 'NGUPASAN', '3', '10', '4', 1, NULL, '2022-04-11 21:33:33'),
('XHsQlWqd5a3zr4wjtpUbLB098gAfoN', '279307', 'Nur Khayati', 'Bantul', '1991-11-24', 1, 0, 0, 'RT 2/ RW1, Kelurahan KADIPATEN,KRATON Kota Yogyakarta, DIY', 'KRATON', 'KADIPATEN', '1', '2', '1', 1, NULL, '2022-04-11 21:33:33'),
('XidKAboJ18nlwkqB2EjQ6eLN0Y74PV', '1668', 'SITI ISNAENI', 'MAGELANG', '1934-11-12', 1, 0, 0, 'RT 5/ RW1, Kelurahan SOSROMENDURAN,GEDONGTENGEN Kota Yogyakarta, DIY', 'GEDONGTENGEN', 'SOSROMENDURAN', '1', '5', '3', 1, NULL, '2022-04-11 21:33:33'),
('xiYOLqZlksa2FogvM7ew9fJKjcQGU5', '1655', 'M. LUTFI S.PD.I', 'YOGYAKARTA', '1982-02-20', 1, 1, 0, 'RT 3/ RW1, Kelurahan SOSROMENDURAN,GEDONGTENGEN Kota Yogyakarta, DIY', 'GEDONGTENGEN', 'SOSROMENDURAN', '1', '3', '1', 1, NULL, '2022-04-11 21:33:33'),
('XlCzJEPwa2bV5T1qNK9LQG47ZhSg8D', '474226', 'SASMITO RIADI  ST', 'YOGYAKARTA', '1967-12-26', 1, 1, 0, 'RT 1/ RW1, Kelurahan SEMAKI,UMBULHARJO Kota Yogyakarta, DIY', 'UMBULHARJO', 'SEMAKI', '1', '1', '1', 1, NULL, '2022-04-11 21:33:33'),
('Xm2sxknFzvWZ3SgfJOqR7d0aGIiMEo', '99702', 'TOTO KERTAPATI', 'YOGYAKARTA', '1959-04-04', 0, 1, 0, 'RT 8/ RW2, Kelurahan NGAMPILAN,NGAMPILAN Kota Yogyakarta, DIY', 'NGAMPILAN', 'NGAMPILAN', '2', '8', '4', 1, NULL, '2022-04-11 21:33:33'),
('Xm8poWA0xzC1U3EtSgykb4LwVZNMs6', '339147', 'ANDI MUNFAIDAH', 'SUKOHARJO', '1973-10-01', 1, 0, 0, 'RT 7/ RW2, Kelurahan KLITREN,GONDOKUSUMAN Kota Yogyakarta, DIY', 'GONDOKUSUMAN', 'KLITREN', '2', '7', '4', 1, NULL, '2022-04-11 21:33:33'),
('XmuBHabj4CEA6OZYGthLDwfigeTFdr', '262119', 'ERIKA CHRISTY RUWILASTUTI', 'YOGYAKARTA', '1990-08-06', 1, 0, 0, 'RT 10/ RW2, Kelurahan TEGALPANGGUNG,DANUREJAN Kota Yogyakarta, DIY', 'DANUREJAN', 'TEGALPANGGUNG', '2', '10', '5', 1, NULL, '2022-04-11 21:33:33'),
('xowaIiRWL0b64sKJ9BASMNgnjD2zOQ', '347416', 'YUSTINA ERNY WINARTUTI', 'YOGYAKARTA', '1974-10-15', 1, 0, 0, 'RT 8/ RW2, Kelurahan TERBAN,GONDOKUSUMAN Kota Yogyakarta, DIY', 'GONDOKUSUMAN', 'TERBAN', '2', '8', '4', 1, NULL, '2022-04-11 21:33:33'),
('Xp4ZyqAxHRU8DJFin0WE91bgrBhIjL', '194939', 'FRANCISCA INNEKE SWASTI DEWI', 'YOGYAKARTA', '1973-03-19', 0, 0, 0, 'RT 5/ RW3, Kelurahan GEDONGKIWO,MANTRIJERON Kota Yogyakarta, DIY', 'MANTRIJERON', 'GEDONGKIWO', '3', '5', '3', 1, NULL, '2022-04-11 21:33:33'),
('XsEKbDA2aZoLNHQOlPjugMkBJti1cm', '405436', 'BUDI SUYANTO', 'YOGYAKARTA', '1968-07-10', 0, 1, 3, 'RT 10/ RW3, Kelurahan KRICAK,TEGALREJO Kota Yogyakarta, DIY', 'TEGALREJO', 'KRICAK', '3', '10', '10', 1, NULL, '2022-04-11 21:33:33'),
('XuoM0sl6fALB2OFkW1gwjvChzdr5tR', '163281', 'MUFIDAH', 'YOGYAKARTA', '1941-12-31', 1, 0, 0, 'RT 9/ RW3, Kelurahan BENER,TEGALREJO Kota Yogyakarta, DIY', 'TEGALREJO', 'BENER', '3', '9', '6', 1, NULL, '2022-04-11 21:33:33'),
('xXO1lmYiejHtFQn92rS5wckVJ0gsCy', '320799', 'NIKE INDRIYANTI', 'SUMENEP', '1993-07-17', 1, 0, 0, 'RT 10/ RW3, Kelurahan KOTABARU,GONDOKUSUMAN Kota Yogyakarta, DIY', 'GONDOKUSUMAN', 'KOTABARU', '3', '10', '4', 1, NULL, '2022-04-11 21:33:33'),
('XyFVSPA5JwBajR3uC98bhT2Qf60eEK', '236471', 'NADHIRA FERITA KUSUMA', 'YOGYAKARTA', '2001-07-19', 0, 0, 0, 'RT 9/ RW3, Kelurahan PRAWIRODIRJAN,GONDOMANAN Kota Yogyakarta, DIY', 'GONDOMANAN', 'PRAWIRODIRJAN', '3', '9', '2', 1, NULL, '2022-04-11 21:33:33'),
('Y6PjDMLXgIzUmBy5p7KsaeZvotQk0u', '465444', 'SHRI SAVITRI MURTININGTIAS', 'MALANG', '1973-06-16', 1, 0, 0, 'RT 9/ RW3, Kelurahan MANTRIJERON,MANTRIJERON Kota Yogyakarta, DIY', 'MANTRIJERON', 'MANTRIJERON', '3', '9', '4', 1, NULL, '2022-04-11 21:33:33'),
('y6zEJVODbB24v9lKW1xUI8ZmNGqYFt', '4425', 'MAYA KARTIKASARI', 'JAKARTA', '1985-05-03', 1, 0, 0, 'RT 5/ RW2, Kelurahan NGUPASAN,GONDOMANAN Kota Yogyakarta, DIY', 'GONDOMANAN', 'NGUPASAN', '2', '5', '2', 1, NULL, '2022-04-11 21:33:33'),
('y8jUIDhtSu3z4HaOv9nfi21gq5XxZl', '182870', 'YONI SEKAR ALAM', 'YOGYAKARTA', '1991-12-27', 0, 0, 0, 'RT 2/ RW1, Kelurahan PATEHAN,KRATON Kota Yogyakarta, DIY', 'KRATON', 'PATEHAN', '1', '2', '2', 1, NULL, '2022-04-11 21:33:33'),
('yDaN5itMToWrsGOIYuZFdxKEpjVC9H', '209074', 'RAKHMADI RAMADHAN', 'SLEMAN', '1996-02-05', 0, 1, 0, 'RT 10/ RW2, Kelurahan GEDONGKIWO,MANTRIJERON Kota Yogyakarta, DIY', 'MANTRIJERON', 'GEDONGKIWO', '2', '10', '7', 1, NULL, '2022-04-11 21:33:33'),
('YIDFrNulzd043eJZmwcna7WgOGvxbs', '426198', 'ANDRIAN DIVA CRISTOFER', 'YOGYAKARTA', '2002-01-11', 0, 1, 0, 'RT 9/ RW3, Kelurahan BUMIJO,JETIS Kota Yogyakarta, DIY', 'JETIS', 'BUMIJO', '3', '9', '5', 1, NULL, '2022-04-11 21:33:33'),
('yp0Cd4LWEzab8lITuG5g3XAiPvQ6N7', '279961', 'FEBTIAN SUSTIANA', 'BANTUL', '1992-02-09', 1, 0, 0, 'RT 7/ RW2, Kelurahan KADIPATEN,KRATON Kota Yogyakarta, DIY', 'KRATON', 'KADIPATEN', '2', '7', '3', 1, NULL, '2022-04-11 21:33:33'),
('ypGLqbCmVtAjd6iY2OgZBNIKXu4oW7', '388545', 'JOKO TRI UTOMO', 'YOGYAKARTA', '1994-02-10', 0, 1, 0, 'RT 7/ RW3, Kelurahan DEMANGAN,GONDOKUSUMAN Kota Yogyakarta, DIY', 'GONDOKUSUMAN', 'DEMANGAN', '3', '7', '5', 1, NULL, '2022-04-11 21:33:33'),
('yvc2E4XpHGJPCVBNkKTYehuIit87xO', '347421', 'ANGGA ARIFIN SAPUTRO', 'PURWOREJO', '1992-07-04', 1, 1, 0, 'RT 9/ RW2, Kelurahan TERBAN,GONDOKUSUMAN Kota Yogyakarta, DIY', 'GONDOKUSUMAN', 'TERBAN', '2', '9', '5', 1, NULL, '2022-04-11 21:33:33'),
('Z3GIj1v7DWHYmc8EkihORPsbepBfn2', '373882', 'RESTIARINI', 'YOGYAKARTA', '1982-03-30', 1, 0, 0, 'RT 7/ RW2, Kelurahan WIROGUNAN,MERGANGSAN Kota Yogyakarta, DIY', 'MERGANGSAN', 'WIROGUNAN', '2', '7', '4', 1, NULL, '2022-04-11 21:33:33'),
('z7mxnuKY6wCqtWLBjid2bvGghM5DSP', '147779', 'MARISA NOVINATI', 'YOGYAKARTA', '1990-10-31', 1, 0, 0, 'RT 8/ RW3, Kelurahan GEDONGKIWO,MANTRIJERON Kota Yogyakarta, DIY', 'MANTRIJERON', 'GEDONGKIWO', '3', '8', '9', 1, NULL, '2022-04-11 21:33:33'),
('ZAO9S6vsQ4KJcdPlBHNziufhrYCEjI', '138460', 'AYU DEWI DAYASARI', 'SAMBAS', '1993-08-06', 1, 0, 0, 'RT 2/ RW1, Kelurahan PANEMBAHAN,KRATON Kota Yogyakarta, DIY', 'KRATON', 'PANEMBAHAN', '1', '2', '1', 1, NULL, '2022-04-11 21:33:33'),
('zd3yQpPcDCnuJiXLO9GvBAr02Ywgaf', '285267', 'DAFROSA KAROLINA FAJAR D', 'JAKARTA', '1970-05-12', 0, 0, 0, 'RT 8/ RW3, Kelurahan KARANGWARU,TEGALREJO Kota Yogyakarta, DIY', 'TEGALREJO', 'KARANGWARU', '3', '8', '8', 1, NULL, '2022-04-11 21:33:33'),
('ZfeXG21D6NbMHUwTaB8lEOQdmyjrSI', '459308', 'DEBORA RATRI WIDANINGTYAS', 'YOGYAKARTA', '1989-09-02', 0, 0, 0, 'RT 7/ RW2, Kelurahan PRENGGAN,KOTAGEDE Kota Yogyakarta, DIY', 'KOTAGEDE', 'PRENGGAN', '2', '7', '7', 1, NULL, '2022-04-11 21:33:33'),
('zn8OxKlEkycC72LaGwgsTHu3etNBWU', '339126', 'CHRISTIANO HENDARWAN', 'YOGYAKARTA', '1987-08-18', 1, 1, 0, 'RT 3/ RW1, Kelurahan KLITREN,GONDOKUSUMAN Kota Yogyakarta, DIY', 'GONDOKUSUMAN', 'KLITREN', '1', '3', '2', 1, NULL, '2022-04-11 21:33:33'),
('zNcGfwuWJ1MoXO9iVqSsBAI657ZUgt', '1810', 'WAHPI', 'TEMANGGUNG', '1982-06-20', 1, 0, 0, 'RT 3/ RW1, Kelurahan PRINGGOKUSUMAN,GEDONGTENGEN Kota Yogyakarta, DIY', 'GEDONGTENGEN', 'PRINGGOKUSUMAN', '1', '3', '2', 1, NULL, '2022-04-11 21:33:33'),
('zRc6UkyfuAds70TSoemXnPabKhwW4V', '180644', 'RETNO WULANSARI, SH.M.Hum', 'YOGYAKARTA', '1983-09-03', 1, 0, 0, 'RT 1/ RW1, Kelurahan SURYODININGRATAN,MANTRIJERON Kota Yogyakarta, DIY', 'MANTRIJERON', 'SURYODININGRATAN', '1', '1', '1', 1, NULL, '2022-04-11 21:33:33'),
('zSBNOnwQ3FP0kGyXDjMvYZ54p8IAxa', '148190', 'FX. FELIX ISJARWODO', 'YOGYAKARTA', '1947-11-06', 1, 1, 0, 'RT 6/ RW2, Kelurahan SURYATMAJAN,DANUREJAN Kota Yogyakarta, DIY', 'DANUREJAN', 'SURYATMAJAN', '2', '6', '1', 1, NULL, '2022-04-11 21:33:33'),
('zSwKdsYIcqbtih8X7NRB0lOMFGZ3D2', '295809', 'FANSSONY DWI PRASETYO', 'YOGYAKARTA', '1986-02-25', 1, 1, 0, 'RT 8/ RW3, Kelurahan BAUSASRAN,DANUREJAN Kota Yogyakarta, DIY', 'DANUREJAN', 'BAUSASRAN', '3', '8', '5', 1, NULL, '2022-04-11 21:33:33'),
('zU1Ivyw6s90MOmA5hFru7JiGja2koC', '100193', 'APRILIA NUR HANIFAH', 'TEMANGGUNG', '1988-04-12', 1, 0, 0, 'RT 1/ RW1, Kelurahan NOTOPRAJAN,NGAMPILAN Kota Yogyakarta, DIY', 'NGAMPILAN', 'NOTOPRAJAN', '1', '1', '1', 1, NULL, '2022-04-11 21:33:33'),
('zuSxb5NZcQ2JOlengyp4AYtwK9Pfo7', '349714', 'FITRIYATI MA\'ISYAH', 'KLATEN', '1979-08-04', 1, 0, 0, 'RT 3/ RW1, Kelurahan TEGALREJO,TEGALREJO Kota Yogyakarta, DIY', 'TEGALREJO', 'TEGALREJO', '1', '3', '2', 1, NULL, '2022-04-11 21:33:33');

-- --------------------------------------------------------

--
-- Struktur dari tabel `tbl_pindah`
--

CREATE TABLE `tbl_pindah` (
  `id_pindah` int(11) NOT NULL,
  `id_pemilih` varchar(50) NOT NULL,
  `kecamatan_asal` varchar(256) DEFAULT NULL,
  `kelurahan_asal` varchar(256) DEFAULT NULL,
  `rw_asal` varchar(10) DEFAULT NULL,
  `rt_asal` varchar(10) DEFAULT NULL,
  `tps_asal` varchar(10) DEFAULT NULL,
  `kecamatan_pindah` varchar(256) NOT NULL,
  `kelurahan_pindah` varchar(256) NOT NULL,
  `rw_pindah` varchar(10) NOT NULL,
  `rt_pindah` varchar(10) NOT NULL,
  `id_tps` varchar(10) NOT NULL,
  `note_pindah` text NOT NULL,
  `status_pindah` int(1) NOT NULL,
  `created_pindah` timestamp NOT NULL DEFAULT current_timestamp()
) ENGINE=InnoDB DEFAULT CHARSET=utf8mb4;

--
-- Dumping data untuk tabel `tbl_pindah`
--

INSERT INTO `tbl_pindah` (`id_pindah`, `id_pemilih`, `kecamatan_asal`, `kelurahan_asal`, `rw_asal`, `rt_asal`, `tps_asal`, `kecamatan_pindah`, `kelurahan_pindah`, `rw_pindah`, `rt_pindah`, `id_tps`, `note_pindah`, `status_pindah`, `created_pindah`) VALUES
(5, '0Jqp2Pobtre5Y4EVmvxiynKsWdafGz', 'KRATON', 'PANEMBAHAN', '1', '2', '4', 'UMBULHARJO', 'SOROSUTAN', '3', '2', '7', '', 3, '2022-06-12 12:52:11');

-- --------------------------------------------------------

--
-- Struktur dari tabel `tbl_sistem`
--

CREATE TABLE `tbl_sistem` (
  `id_sistem` varchar(50) NOT NULL,
  `id_user` varchar(50) NOT NULL,
  `nama_sistem` varchar(256) NOT NULL,
  `company_sistem` varchar(256) NOT NULL,
  `email_sistem` varchar(255) NOT NULL,
  `pass_email_sistem` varchar(255) NOT NULL,
  `logo_sistem` varchar(256) DEFAULT NULL,
  `fitur_pengajuan` int(1) NOT NULL,
  `fitur_sebaran` int(1) NOT NULL,
  `fitur_statistik` int(1) NOT NULL,
  `fitur_maillogin` int(1) NOT NULL,
  `fitur_registrasi` int(1) NOT NULL,
  `created_sistem` timestamp NOT NULL DEFAULT current_timestamp()
) ENGINE=InnoDB DEFAULT CHARSET=utf8mb4;

--
-- Dumping data untuk tabel `tbl_sistem`
--

INSERT INTO `tbl_sistem` (`id_sistem`, `id_user`, `nama_sistem`, `company_sistem`, `email_sistem`, `pass_email_sistem`, `logo_sistem`, `fitur_pengajuan`, `fitur_sebaran`, `fitur_statistik`, `fitur_maillogin`, `fitur_registrasi`, `created_sistem`) VALUES
('d98e7a4b969357ffea0dbfe758f1c728be43117f', 'HA2W1PoOa0nu4REQZexL3z6JV', 'Portal Management Daftar Pemilih Tetap (DPT) KPU Kota Yogyakarta', 'KPU Kota Yogyakarta', 'mabes.develover@gmail.com', 'bWFiZXNAZ3JvdXAxNw==', '9Mk8Q2XUvpRWFrgG73Tno1Lxl.png', 1, 1, 1, 0, 1, '2022-04-12 19:53:25');

-- --------------------------------------------------------

--
-- Struktur dari tabel `tbl_user`
--

CREATE TABLE `tbl_user` (
  `id_user` varchar(50) NOT NULL,
  `email_user` varchar(256) NOT NULL,
  `nama_user` varchar(256) NOT NULL,
  `username_user` varchar(256) NOT NULL,
  `password_user` varchar(256) NOT NULL,
  `level_user` int(1) NOT NULL,
  `status_user` int(1) NOT NULL,
  `image_user` varchar(256) DEFAULT NULL,
  `last_login_user` datetime DEFAULT NULL,
  `created_user` timestamp NOT NULL DEFAULT current_timestamp()
) ENGINE=InnoDB DEFAULT CHARSET=utf8mb4;

--
-- Dumping data untuk tabel `tbl_user`
--

INSERT INTO `tbl_user` (`id_user`, `email_user`, `nama_user`, `username_user`, `password_user`, `level_user`, `status_user`, `image_user`, `last_login_user`, `created_user`) VALUES
('HA2W1PoOa0nu4REQZexL3z6JV', 'admin@mail.com', 'SHAFIRA NUR ROH', 'admin', 'd033e22ae348aeb5660fc2140aec35850c4da997', 1, 1, 'user-SHAFIRA_NUR_ROHMAH1.jpg', NULL, '2022-04-11 21:23:10'),
('t6YxVjhd95FEsZcPN0bg78kiR', 'ervinfm14@gmail.com', 'TJUT ACEH DWI AYU P', 'user', '40bd001563085fc35165329ea1ff5c5ecbdbbeef', 2, 1, NULL, NULL, '2022-04-12 19:40:31');

-- --------------------------------------------------------

--
-- Struktur dari tabel `tb_kecamatan`
--

CREATE TABLE `tb_kecamatan` (
  `id_kecamatan` varchar(50) NOT NULL,
  `nama_kecamatan` varchar(255) NOT NULL,
  `latitude_maps` varchar(256) DEFAULT NULL,
  `longitude_maps` varchar(256) DEFAULT NULL,
  `created_kecamatan` timestamp NOT NULL DEFAULT current_timestamp()
) ENGINE=InnoDB DEFAULT CHARSET=utf8mb4;

--
-- Dumping data untuk tabel `tb_kecamatan`
--

INSERT INTO `tb_kecamatan` (`id_kecamatan`, `nama_kecamatan`, `latitude_maps`, `longitude_maps`, `created_kecamatan`) VALUES
('3471010', 'MANTRIJERON', '-7.81483059986522', '110.35409889448195', '2022-04-13 10:32:20'),
('3471020', 'KRATON', '-7.807369262198785', '110.3621191535827', '2022-04-13 10:34:01'),
('3471030', 'MERGANGSAN', '-7.813424605518618', '110.37410689030827', '2022-04-13 10:34:01'),
('3471040', 'UMBULHARJO', '-7.812110439270753', '110.3826317066224', '2022-04-13 10:34:01'),
('3471050', 'KOTAGEDE', '-7.813037521242808', '110.39815845105092', '2022-04-13 10:34:01'),
('3471060', 'GONDOKUSUMAN', '-7.784259901754039', '110.38220956747458', '2022-04-13 10:34:01'),
('3471070', 'DANUREJAN', '-7.791803483675122', '110.37274133889811', '2022-04-13 10:34:01'),
('3471080', 'PAKUALAMAN', '-7.799203563054983', '110.37460531194935', '2022-04-13 10:34:01'),
('3471090', 'GONDOMANAN', '-7.799751027026859', '110.36567882028173', '2022-04-13 10:34:01'),
('3471100', 'NGAMPILAN', '-7.7996476812578175', '110.35639703165329', '2022-04-13 10:34:01'),
('3471110', 'WIROBRAJAN', '-7.801998481212146', '110.35202802270682', '2022-04-13 10:34:01'),
('3471120', 'GEDONG TENGEN', '-7.79052594856153', '110.36241379831513', '2022-04-13 10:34:01'),
('3471130', 'JETIS', '-7.783791309649926', '110.36235439645289', '2022-04-13 10:34:01'),
('3471140', 'TEGALREJO', '-7.775400438110126', '110.35724060718731', '2022-04-13 10:34:01');

-- --------------------------------------------------------

--
-- Struktur dari tabel `tb_kelurahan`
--

CREATE TABLE `tb_kelurahan` (
  `id_kelurahan` varchar(50) NOT NULL,
  `id_kecamatan` varchar(50) NOT NULL,
  `nama_kelurahan` varchar(256) NOT NULL,
  `latitude_maps` varchar(256) DEFAULT NULL,
  `longitude_maps` varchar(256) DEFAULT NULL,
  `created_kelurahan` datetime NOT NULL DEFAULT current_timestamp()
) ENGINE=InnoDB DEFAULT CHARSET=utf8mb4;

--
-- Dumping data untuk tabel `tb_kelurahan`
--

INSERT INTO `tb_kelurahan` (`id_kelurahan`, `id_kecamatan`, `nama_kelurahan`, `latitude_maps`, `longitude_maps`, `created_kelurahan`) VALUES
('3471010001', '3471010', 'GEDONGKIWO', NULL, NULL, '2022-04-13 19:13:42'),
('3471010002', '3471010', 'SURYODININGRATAN', NULL, NULL, '2022-04-13 19:13:42'),
('3471010003', '3471010', 'MANTRIJERON', NULL, NULL, '2022-04-13 19:13:42'),
('3471020001', '3471020', 'PATEHAN', NULL, NULL, '2022-04-13 19:13:42'),
('3471020002', '3471020', 'PANEMBAHAN', NULL, NULL, '2022-04-13 19:13:42'),
('3471020003', '3471020', 'KADIPATEN', NULL, NULL, '2022-04-13 19:13:42'),
('3471030001', '3471030', 'BRONTOKUSUMAN', NULL, NULL, '2022-04-13 19:13:42'),
('3471030002', '3471030', 'KEPARAKAN', NULL, NULL, '2022-04-13 19:13:42'),
('3471030003', '3471030', 'WIROGUNAN', NULL, NULL, '2022-04-13 19:13:42'),
('3471040001', '3471040', 'GIWANGAN', NULL, NULL, '2022-04-13 19:13:42'),
('3471040002', '3471040', 'SOROSUTAN', NULL, NULL, '2022-04-13 19:13:42'),
('3471040003', '3471040', 'PANDEYAN', NULL, NULL, '2022-04-13 19:13:42'),
('3471040004', '3471040', 'WARUNGBOTO', NULL, NULL, '2022-04-13 19:13:42'),
('3471040005', '3471040', 'TAHUNAN', NULL, NULL, '2022-04-13 19:13:42'),
('3471040006', '3471040', 'MUJAMUJU', NULL, NULL, '2022-04-13 19:13:42'),
('3471040007', '3471040', 'SEMAKI', NULL, NULL, '2022-04-13 19:13:42'),
('3471050001', '3471050', 'PRENGGAN', NULL, NULL, '2022-04-13 19:13:42'),
('3471050002', '3471050', 'PURBAYAN', NULL, NULL, '2022-04-13 19:13:42'),
('3471050003', '3471050', 'REJOWINANGUN', NULL, NULL, '2022-04-13 19:13:42'),
('3471060001', '3471060', 'BACIRO', NULL, NULL, '2022-04-13 19:13:42'),
('3471060002', '3471060', 'DEMANGAN', NULL, NULL, '2022-04-13 19:13:42'),
('3471060003', '3471060', 'KLITREN', NULL, NULL, '2022-04-13 19:13:42'),
('3471060004', '3471060', 'KOTABARU', NULL, NULL, '2022-04-13 19:13:42'),
('3471060005', '3471060', 'TERBAN', NULL, NULL, '2022-04-13 19:13:42'),
('3471070001', '3471070', 'SURYATMAJAN', NULL, NULL, '2022-04-13 19:13:42'),
('3471070002', '3471070', 'TEGALPANGGUNG', NULL, NULL, '2022-04-13 19:13:42'),
('3471070003', '3471070', 'BAUSASRAN', NULL, NULL, '2022-04-13 19:13:42'),
('3471080001', '3471080', 'PURWOKINANTI', NULL, NULL, '2022-04-13 19:13:42'),
('3471090001', '3471090', 'PRAWIRODIRJAN', NULL, NULL, '2022-04-13 19:13:42'),
('3471090002', '3471090', 'NGUPASAN', NULL, NULL, '2022-04-13 19:13:42'),
('3471100001', '3471100', 'NOTOPRAJAN', NULL, NULL, '2022-04-13 19:13:42'),
('3471100002', '3471100', 'NGAMPILAN', NULL, NULL, '2022-04-13 19:13:42'),
('3471110001', '3471110', 'PATANGPULUHAN', NULL, NULL, '2022-04-13 19:13:42'),
('3471110002', '3471110', 'WIROBRAJAN', NULL, NULL, '2022-04-13 19:13:42'),
('3471110003', '3471110', 'PAKUNCEN', NULL, NULL, '2022-04-13 19:13:42'),
('3471120001', '3471120', 'PRINGGOKUSUMAN', NULL, NULL, '2022-04-13 19:13:42'),
('3471120002', '3471120', 'SOSROMENDURAN', NULL, NULL, '2022-04-13 19:13:42'),
('3471130001', '3471130', 'BUMIJO', NULL, NULL, '2022-04-13 19:13:42'),
('3471130002', '3471130', 'GOWONGAN', NULL, NULL, '2022-04-13 19:13:42'),
('3471130003', '3471130', 'COKRODININGRATAN', NULL, NULL, '2022-04-13 19:13:42'),
('3471140001', '3471140', 'TEGALREJO', NULL, NULL, '2022-04-13 19:13:42'),
('3471140003', '3471140', 'KRICAK', NULL, NULL, '2022-04-13 19:13:42'),
('3471140004', '3471140', 'KARANGWARU', NULL, NULL, '2022-04-13 19:13:42');

--
-- Indexes for dumped tables
--

--
-- Indeks untuk tabel `tbl_clustering`
--
ALTER TABLE `tbl_clustering`
  ADD PRIMARY KEY (`id_clustering`);

--
-- Indeks untuk tabel `tbl_clustering_detail`
--
ALTER TABLE `tbl_clustering_detail`
  ADD PRIMARY KEY (`id_clustering_detail`);

--
-- Indeks untuk tabel `tbl_clustering_hasil`
--
ALTER TABLE `tbl_clustering_hasil`
  ADD PRIMARY KEY (`id_clustering_hasil`);

--
-- Indeks untuk tabel `tbl_pemilih`
--
ALTER TABLE `tbl_pemilih`
  ADD PRIMARY KEY (`id_pemilih`);

--
-- Indeks untuk tabel `tbl_pindah`
--
ALTER TABLE `tbl_pindah`
  ADD PRIMARY KEY (`id_pindah`);

--
-- Indeks untuk tabel `tbl_sistem`
--
ALTER TABLE `tbl_sistem`
  ADD PRIMARY KEY (`id_sistem`);

--
-- Indeks untuk tabel `tbl_user`
--
ALTER TABLE `tbl_user`
  ADD PRIMARY KEY (`id_user`);

--
-- Indeks untuk tabel `tb_kecamatan`
--
ALTER TABLE `tb_kecamatan`
  ADD PRIMARY KEY (`id_kecamatan`);

--
-- Indeks untuk tabel `tb_kelurahan`
--
ALTER TABLE `tb_kelurahan`
  ADD PRIMARY KEY (`id_kelurahan`),
  ADD KEY `id_kecamatan` (`id_kecamatan`);

--
-- AUTO_INCREMENT untuk tabel yang dibuang
--

--
-- AUTO_INCREMENT untuk tabel `tbl_clustering_detail`
--
ALTER TABLE `tbl_clustering_detail`
  MODIFY `id_clustering_detail` int(11) NOT NULL AUTO_INCREMENT, AUTO_INCREMENT=4291;

--
-- AUTO_INCREMENT untuk tabel `tbl_pindah`
--
ALTER TABLE `tbl_pindah`
  MODIFY `id_pindah` int(11) NOT NULL AUTO_INCREMENT, AUTO_INCREMENT=6;
COMMIT;

/*!40101 SET CHARACTER_SET_CLIENT=@OLD_CHARACTER_SET_CLIENT */;
/*!40101 SET CHARACTER_SET_RESULTS=@OLD_CHARACTER_SET_RESULTS */;
/*!40101 SET COLLATION_CONNECTION=@OLD_COLLATION_CONNECTION */;
